FA1090,10
SRR3360687,10
ERR388284,10
ERR388345,10
ERR349956,10
ERR388402,10
ERR349937,10
ERR388321,10
ERR349942,10
SRR3361345,10
SRR3361343,10
SRR3360722,10
SRR3360683,10
SRR3360705,10
SRR3360715,10
SRR3361350,10
GCGS0843,10
SRR969387,10
ERR1549738,10
ERR1514841,10
ERR1549707,10
ERR1528148,10
ERR1555194,10
ERR1469599,10
ERR1549751,10
ERR1549748,10
ERR1469733,10
ERR1549753,10
ERR1549721,10
ERR1549750,10
25818_2#3,10
25818_2#188,10
ERR449483,10
GCGS0292,10
DRR124734,10
DRR124694,10
DRR124709,10
DRR124719,10
DRR124752,10
DRR117964,10
DRR124735,10
ERR1471120,10
ERR1514725,10
ERR1469608,10
ERR1514791,10
ERR1514839,10
ERR1549709,10
ERR1514706,10
ERR1528240,10
ERR1514842,10
ERR1514777,10
ERR1560894,10
ERR1549701,10
ERR1514695,10
ERR1549680,10
ERR1514778,10
ERR1560809,10
ERR1471140,10
ERR1514770,10
ERR1602751,10
ERR1560870,10
ERR1528241,10
ERR1514769,10
ERR1471146,10
ERR1680313,10
25825_2#12,10
21242_3#96,10
25825_2#186,10
25818_2#181,10
ERR349925,10
ERR349910,10
SRR3361308,10
SRR3360854,10
SRR3360729,10
GCGS0526,10
GCGS0579,10
GCGS0357,10
GCGS0348,10
DRR124797,10
DRR124703,10
DRR124837,10
DRR124790,10
DRR124893,10
DRR124749,10
DRR124781,10
DRR124704,10
DRR124779,10
DRR124722,10
DRR124789,10
DRR124791,10
DRR124702,10
DRR124886,10
DRR124750,10
DRR124756,10
ERR1555199,10
ERR1514735,10
ERR1549769,10
ERR1549703,10
ERR1560883,10
ERR1549779,10
ERR1549771,10
ERR1549705,10
ERR1549776,10
ERR1560801,10
ERR1560873,10
ERR1555209,10
ERR1514750,10
ERR1528125,10
ERR1555214,10
ERR1555197,10
ERR1560843,10
ERR1528269,10
ERR1602762,10
ERR1555218,10
ERR1549789,10
ERR1514734,10
ERR1555200,10
ERR1602765,10
SRR5827023,10
SRR5827340,10
SRR5827049,10
SRR1661162,10
SRR1661236,10
SRR1661171,10
FA19,10
25825_2#97,9
25818_3#355,10
25825_2#156,10
21242_3#125,10
21242_4#2,10
25825_2#180,10
21242_3#91,10
25818_2#208,10
21242_4#14,9
21242_3#93,10
25818_2#321,10
25818_2#262,10
25818_2#230,10
21485_4#19,10
25825_2#51,10
25825_2#88,10
25818_2#216,10
21242_3#104,10
25818_3#238,10
25825_2#59,10
21242_3#11,10
25818_2#210,10
ERR388323,10
ERR449496,11
ERR388339,10
ERR388346,10
ERR363625,11
ERR485168,10
ERR388368,10
ERR349945,9
ERR363615,9
ERR388372,10
ERR388353,9
ERR449493,10
ERR388356,10
SRR3360713,9
SRR3357260,10
SRR3360890,10
SRR3357246,10
SRR3360654,10
SRR3360737,10
SRR3360608,10
SRR3361318,10
GCGS0599,9
GCGS1103,10
GCGS1028,9
GCGS0373,9
GCGS0454,10
GCGS1092,11
GCGS0489,10
GCGS1058,11
GCGS0257,10
GCGS0305,9
DRR124723,9
SRR969353,11
SRR969373,11
ERR1602750,9
ERR1514843,10
ERR1514730,10
ERR1469744,10
ERR1469698,10
ERR1514674,10
ERR1514681,10
ERR1560911,10
ERR1560905,9
ERR1560817,11
ERR1469693,10
ERR1528140,10
ERR1560885,9
ERR1469682,10
ERR1514676,10
ERR1560867,9
ERR1560909,10
ERR1528290,9
ERR1514728,10
ERR1469747,10
ERR1469578,10
ERR1469699,10
ERR1560904,9
ERR1514723,10
ERR1469694,10
ERR1514729,10
ERR1555198,10
ERR1528196,10
ERR1528229,9
ERR1560906,9
ERR1528149,10
ERR1469683,10
ERR1514719,10
ERR1549777,10
ERR1469600,9
ERR1469753,9
ERR1514737,10
ERR1549775,10
ERR1514726,10
ERR1555179,10
SRR5827067,9
SRR5827158,9
SRR5827353,9
SRR5827187,10
SRR2736288,10
SRR2736296,10
SRR2736303,10
SRR2736282,10
SRR2736292,10
SRR2736286,10
SRR2736291,10
SRR2736284,10
SRR2736302,10
SRR2736287,10
SRR2736278,10
SRR2736297,10
SRR2736285,10
SRR2736283,10
SRR2736295,10
25825_2#91,9
25818_3#278,9
25825_2#154,9
25825_2#36,9
25818_2#233,10
21242_3#103,10
25825_2#89,9
25818_2#164,9
21485_4#21,9
17966_3#27,9
25825_2#64,9
25818_2#223,9
ERR449465,11
ERR349974,11
ERR349977,11
ERR449523,11
ERR349952,9
ERR449492,9
ERR449504,9
ERR349895,9
ERR449499,9
ERR349889,9
ERR349888,9
ERR388312,9
ERR349953,9
ERR449509,11
ERR363598,11
ERR349904,9
ERR388419,11
ERR349914,11
ERR363660,9
ERR388295,9
ERR349943,9
ERR363662,9
ERR349933,11
ERR388322,11
ERR388376,11
ERR449522,9
ERR349897,9
ERR449460,9
ERR449503,9
ERR449508,11
ERR349935,9
ERR388377,11
ERR388296,9
ERR349927,11
ERR363600,9
ERR349924,9
ERR349921,9
ERR449507,9
ERR449498,9
ERR449502,11
ERR502238,9
ERR349903,9
ERR349978,9
ERR363666,11
ERR388286,11
ERR349892,9
ERR349954,9
ERR388313,11
ERR449506,11
ERR363664,9
ERR349969,11
ERR449501,9
ERR363622,9
ERR388435,9
ERR388342,11
ERR363629,11
ERR349922,9
ERR349960,9
ERR363628,9
ERR349890,9
ERR388375,11
ERR388415,9
SRR3360647,9
SRR3360832,9
SRR3360953,9
SRR3360685,9
SRR3360677,10
SRR3360730,9
SRR3361349,9
SRR3360630,9
SRR3361352,11
SRR3360692,9
SRR3360645,11
SRR3360634,11
SRR3360652,9
SRR3360629,11
SRR3361312,11
SRR3360939,9
SRR3360747,9
SRR3360754,9
GCGS0936,11
GCGS0092,9
GCGS0310,9
GCGS0258,9
GCGS0744,11
GCGS0386,9
GCGS1019,9
GCGS0829,11
GCGS0335,11
GCGS0687,9
GCGS0540,9
GCGS0324,11
GCGS0727,11
GCGS0266,9
GCGS0541,11
GCGS0387,9
GCGS0443,9
GCGS0311,9
GCGS0347,9
GCGS0937,11
GCGS0926,11
GCGS0268,9
GCGS1014,11
GCGS0008,9
GCGS0536,11
GCGS0427,9
GCGS0966,11
GCGS0312,9
GCGS0395,9
GCGS1075,9
GCGS0832,11
GCGS0472,9
GCGS0546,11
GCGS0302,9
GCGS0259,9
GCGS0839,11
GCGS0284,9
GCGS0819,11
GCGS0407,11
GCGS0461,11
GCGS0155,11
GCGS0743,11
GCGS0418,9
GCGS0064,9
GCGS0100,11
GCGS0062,9
GCGS0729,9
GCGS0256,9
GCGS0345,9
GCGS0927,11
GCGS0456,11
GCGS0492,9
GCGS0365,11
GCGS0663,11
GCGS0376,9
GCGS0293,9
GCGS0362,11
GCGS1048,9
GCGS0976,11
GCGS1053,9
GCGS1013,11
GCGS0990,11
GCGS0556,9
GCGS0543,11
GCGS0553,11
GCGS1096,9
GCGS0703,9
GCGS1006,11
GCGS0460,11
GCGS0728,9
GCGS0244,9
GCGS0766,11
GCGS0307,11
GCGS0157,11
GCGS0571,9
GCGS0315,11
GCGS0685,9
GCGS0742,11
GCGS0869,11
GCGS0014,11
GCGS0162,11
GCGS0280,9
GCGS0364,11
GCGS0260,9
GCGS0680,9
GCGS0318,9
GCGS0012,11
GCGS0887,11
GCGS0375,9
GCGS0016,11
GCGS0457,11
GCGS0349,9
GCGS0393,9
GCGS0294,9
GCGS0390,9
GCGS0473,11
GCGS0089,11
GCGS0283,9
GCGS0572,9
GCGS0932,11
GCGS1004,11
GCGS0618,9
GCGS0521,9
GCGS0600,9
GCGS0523,9
GCGS0515,9
GCGS1095,11
GCGS0975,11
GCGS0655,11
GCGS0850,9
GCGS0246,9
GCGS0251,11
GCGS0439,11
ERR2133895,9
ERR2133957,11
ERR2133924,9
ERR2133903,9
ERR2133931,11
ERR2133926,9
ERR2133925,9
ERR2133958,11
ERR2133932,11
ERR2133959,11
ERR2133904,9
DRR124777,11
DRR124740,11
DRR124701,11
DRR117972,11
DRR124711,11
DRR124849,11
DRR124770,11
DRR124700,11
DRR124857,11
DRR124814,11
DRR124729,11
DRR124883,11
DRR117985,11
DRR124778,11
DRR129101,11
DRR124761,11
DRR124757,11
DRR124842,11
DRR117982,11
DRR117962,11
DRR124728,11
DRR124716,11
DRR124887,9
DRR117996,11
DRR124739,11
DRR124754,11
DRR117978,11
DRR129084,11
DRR117992,11
DRR124839,11
DRR124717,11
DRR124760,11
DRR117990,11
DRR117975,11
DRR117966,11
DRR117973,11
DRR117993,11
DRR124866,11
DRR129085,11
DRR117961,11
DRR124742,11
DRR117963,11
DRR124758,9
DRR117958,11
DRR117984,11
DRR117957,11
DRR117976,11
DRR117967,11
DRR117969,11
DRR124699,11
DRR117977,11
DRR124741,11
SRR969369,9
SRR969343,11
SRR969395,9
SRR969350,11
SRR969344,11
SRR969348,11
SRR960561,9
SRR969340,11
SRR969394,9
SRR969342,11
SRR969367,11
SRR969338,11
SRR969388,11
SRR969370,9
ERR1555206,10
ERR1528216,9
ERR1514783,11
ERR1469575,11
ERR1514756,11
ERR1514762,9
ERR1469616,11
ERR1471131,9
ERR1528331,9
ERR1528285,9
ERR1549763,9
ERR1528278,9
ERR1514702,9
ERR1549711,11
ERR1528323,9
ERR1514782,10
ERR1560798,9
ERR1528297,11
ERR1528170,11
ERR1514711,9
ERR1469739,11
ERR1549790,9
ERR1555189,9
ERR1514845,9
ERR1514823,11
ERR1469626,11
ERR1549760,9
ERR1602773,9
ERR1471144,9
ERR1469610,9
ERR1528255,9
ERR1555192,9
ERR1555213,9
ERR1528180,9
ERR1555226,11
ERR1471142,11
ERR1469630,11
ERR1602771,9
ERR1602753,9
ERR1469586,9
ERR1680294,11
ERR1514716,9
ERR1514794,11
ERR1528271,9
ERR1555186,9
ERR1528174,11
ERR1555156,9
ERR1528328,11
ERR1528182,11
ERR1602774,10
ERR1602761,11
ERR1469631,9
ERR1555172,9
ERR1555169,9
ERR1528141,9
ERR1528193,11
ERR1528223,11
ERR1555220,9
ERR1528325,11
ERR1514755,11
ERR1602783,9
ERR1528154,11
ERR1514704,9
ERR1469624,11
ERR1471133,9
ERR1528147,9
ERR1469609,11
ERR1528178,11
ERR1555207,10
ERR1549692,11
ERR1602749,11
ERR1602780,9
ERR1469756,11
ERR1469720,9
ERR1680302,9
ERR1602758,9
ERR1602764,9
ERR1471141,9
ERR1514724,11
ERR1528214,9
ERR1549778,9
ERR1471137,9
ERR1528272,9
ERR1514832,11
ERR1469696,11
ERR1528165,11
ERR1555231,9
ERR1680303,9
ERR1549704,11
ERR1555157,11
ERR1514672,9
ERR1514824,11
ERR1555244,9
ERR1514771,9
ERR1528259,9
ERR1549768,9
ERR1528192,9
ERR1471136,9
ERR1549706,11
ERR1549762,9
ERR1528176,11
ERR1469618,11
ERR1528138,11
ERR1469598,11
ERR1528144,9
ERR1528145,9
ERR1528296,9
ERR1469620,9
ERR1555165,9
ERR1528202,11
ERR1469604,11
ERR1528306,9
ERR1528311,9
ERR1528322,9
ERR1528157,11
ERR1514673,9
ERR1514793,9
ERR1555166,11
ERR1471130,11
SRR5827119,9
SRR5827246,9
SRR5827352,9
SRR5827025,11
SRR5827241,9
SRR5827166,9
SRR5827257,9
SRR5827204,11
SRR5827063,11
SRR5827087,9
SRR5827201,11
SRR5827177,9
SRR5827339,11
SRR5827288,9
SRR5827184,11
SRR5827163,9
SRR5827237,9
SRR5827228,9
SRR5827125,9
SRR5827030,11
SRR5827097,9
SRR5827287,9
SRR5827304,9
SRR5827229,11
SRR5827239,9
SRR5827144,9
SRR5827327,9
SRR5827214,9
SRR5827154,9
SRR5827193,9
SRR1661275,9
SRR1661195,11
SRR1661316,11
SRR1661319,9
SRR1661159,9
SRR1661295,11
SRR1661194,11
SRR1661289,9
SRR2736218,11
SRR2736289,11
25825_2#105,9
21242_3#138,9
21242_3#101,9
21242_3#143,9
21242_3#132,9
25825_2#77,11
21242_3#7,11
25818_2#29,9
21242_3#127,11
25825_2#9,11
21242_4#1,9
25818_3#275,9
25818_2#177,9
21242_3#112,11
25818_3#292,9
25818_3#362,9
25818_3#224,9
21242_3#13,11
25818_3#381,11
21485_4#11,9
25825_2#134,9
21242_3#175,11
25818_2#187,9
25825_2#43,11
21242_3#122,9
21242_3#52,9
25818_2#4,9
25825_2#115,11
25818_3#222,9
25818_2#215,9
25818_2#174,9
25825_2#143,9
25825_2#1,9
25825_2#179,9
25818_3#331,9
25818_3#267,9
21242_4#123,9
25818_3#288,9
25818_3#240,11
25818_2#27,9
25818_3#342,9
25818_3#361,9
25818_2#238,11
25818_2#312,11
17966_3#29,9
25818_2#283,9
25818_3#368,11
25825_2#92,9
25818_2#274,9
25818_2#242,9
25825_2#174,9
25825_2#15,11
25825_2#187,11
25818_2#275,11
25818_2#168,9
21242_3#67,9
25818_3#329,9
21485_4#33,9
25818_2#13,9
25825_2#121,11
25818_3#236,9
25825_2#133,11
25825_2#181,9
21242_3#133,9
17966_3#24,11
25818_3#347,9
25818_2#44,11
21485_4#14,9
25818_2#189,9
21242_3#107,11
21242_3#97,11
25825_2#161,11
25825_2#84,9
21242_4#129,9
25818_2#194,9
21485_4#32,9
17966_3#15,9
25825_2#69,9
17966_3#41,9
25818_2#185,11
25818_2#265,11
25818_2#217,11
21242_4#73,9
21242_3#113,11
25825_2#151,11
21242_4#105,11
21485_4#23,9
21242_4#41,9
21485_4#39,9
25818_2#195,9
25818_3#379,9
21242_4#98,9
25818_2#17,9
25825_2#48,9
25818_3#281,11
25818_2#259,9
21242_4#57,11
25825_2#184,9
21485_4#40,9
17966_3#16,11
25818_2#285,9
25825_2#39,11
25818_2#10,9
21242_3#174,11
21485_4#13,9
21242_4#122,9
21242_3#164,11
21242_4#3,11
25818_2#229,11
25818_2#261,9
25825_2#94,9
21242_3#25,9
21242_3#75,11
25818_2#1,9
25825_2#139,9
25818_2#301,9
25825_2#112,9
25818_2#219,9
25825_2#55,11
21242_3#40,11
25825_2#135,10
21242_3#108,9
25818_3#306,9
25825_2#44,9
21242_4#64,9
21242_4#38,11
25818_2#171,9
25818_2#39,11
25825_2#24,9
21242_3#72,9
21242_3#141,9
21242_4#69,11
25818_2#31,9
21242_4#31,9
25818_3#231,9
25818_3#265,9
25818_3#227,11
21485_4#41,9
25818_2#214,9
21242_3#171,9
21242_3#134,9
25818_2#209,11
21485_4#34,9
17966_3#46,9
21242_4#71,11
21242_3#37,9
21242_3#3,9
25818_2#253,11
21242_4#93,9
25818_3#260,11
21242_4#11,11
21242_4#117,9
25825_2#80,11
25818_3#250,9
25818_3#266,9
21242_3#169,9
21242_3#123,11
21242_4#44,11
25818_2#297,11
21242_4#45,11
25818_3#318,9
21242_3#54,9
25825_2#130,9
SRR3360982,10
SRR3361313,10
SRR1661318,10
GCGS0507,11
GCGS0549,11
GCGS0036,9
GCGS0548,11
GCGS0466,11
GCGS0320,11
DRR124865,10
DRR124769,10
DRR124863,10
DRR124877,10
DRR124816,10
DRR124691,10
DRR124698,10
DRR124829,10
ERR1549685,9
SRR5827106,9
SRR5827098,9
SRR5827414,9
SRR5827315,9
SRR5827251,9
SRR5827311,9
SRR5827076,9
25818_2#204,9
21242_3#110,9
25818_2#207,9
ERR388357,11
ERR388407,11
ERR388341,11
ERR485170,11
ERR388388,11
ERR388417,11
ERR363616,11
ERR388426,11
ERR449497,9
ERR363614,11
ERR388351,11
ERR388281,11
ERR363668,11
ERR388287,11
ERR388297,11
ERR485169,11
ERR363581,11
ERR363591,11
ERR363579,11
ERR349973,11
ERR363592,11
ERR388433,11
ERR388285,11
ERR388343,11
ERR388393,11
ERR349915,11
ERR449525,11
ERR388280,11
ERR349961,11
ERR485172,11
ERR388424,11
ERR388373,11
ERR388333,11
ERR388352,11
ERR363584,11
ERR363658,11
ERR388439,11
ERR363652,11
ERR388359,11
ERR363611,11
ERR388427,11
ERR388335,11
ERR388282,11
ERR502239,11
ERR388288,11
ERR388326,11
ERR388394,11
ERR363631,11
ERR388401,11
ERR388366,11
ERR363589,11
ERR388318,11
ERR449495,9
ERR388425,11
ERR388350,9
ERR449491,11
ERR388340,11
ERR349901,11
ERR363670,11
ERR388363,11
ERR388385,11
ERR363593,11
ERR363659,11
ERR363667,11
ERR388381,11
ERR363594,11
ERR388420,11
ERR388307,11
ERR349898,9
ERR363613,11
ERR449490,11
ERR388408,11
ERR449514,11
ERR349906,11
ERR388389,11
ERR449524,11
ERR388319,9
ERR363647,11
ERR388405,11
ERR388411,11
ERR388374,11
ERR388428,11
ERR388331,11
ERR363669,11
ERR349959,11
ERR363624,11
ERR388348,11
ERR388354,11
ERR388309,11
ERR449484,9
ERR349971,11
ERR388327,11
ERR388328,11
ERR388397,11
ERR363605,11
ERR485167,11
ERR388416,11
ERR388380,11
ERR363642,11
ERR363604,11
ERR363620,11
ERR388392,11
ERR388320,9
ERR388325,11
ERR449494,9
ERR363630,11
ERR388422,11
ERR388329,9
ERR388347,11
ERR388406,11
ERR388360,11
ERR349932,11
ERR388330,11
ERR388409,11
ERR388369,11
ERR388314,11
ERR388387,11
ERR449480,9
ERR388291,11
ERR349896,11
ERR388413,11
ERR485171,11
ERR363646,11
SRR3360752,11
SRR3360659,11
SRR3360733,11
SRR3360609,11
SRR3361356,11
SRR3360728,11
SRR3357011,11
SRR3361355,11
SRR3360851,11
SRR3360944,11
SRR3360889,11
SRR3360678,11
SRR3360632,11
SRR3361310,11
SRR3360702,11
SRR3360709,11
SRR3360628,11
SRR3360670,11
SRR3360679,9
SRR3360658,11
SRR3360672,11
SRR3357028,11
SRR3360691,11
SRR3360924,11
SRR3361325,11
SRR3360708,11
SRR3361315,11
SRR3361342,11
SRR3361321,11
SRR3360633,11
SRR3360688,11
SRR3360736,11
SRR3360749,11
SRR3360735,9
SRR3361328,11
SRR3360697,11
SRR3360622,11
SRR3360701,11
SRR3360867,11
SRR3361347,11
SRR3360755,11
SRR3360723,11
SRR3360627,11
SRR3360753,11
SRR3357263,9
SRR3360615,11
SRR3361329,11
SRR3360665,9
SRR3360750,11
SRR3360711,11
SRR3360717,11
SRR3361340,11
SRR3360693,11
SRR3360610,11
SRR3360669,11
SRR3360612,11
SRR3360751,11
SRR3360719,11
SRR3360738,11
SRR3357288,11
SRR3360648,11
SRR3360661,9
SRR3360644,11
SRR3360635,9
SRR3357192,11
SRR3360731,11
SRR3360696,9
SRR3360606,11
SRR3357252,11
SRR3360625,11
SRR3360684,11
SRR3360646,11
SRR3357229,11
SRR3360681,11
SRR3360740,9
SRR3357305,11
SRR3357181,11
SRR3361354,11
SRR3361307,11
SRR3360748,11
SRR3360618,11
SRR3361311,11
SRR3360718,11
SRR3361344,11
SRR3360707,11
SRR3360624,11
SRR3360616,11
SRR3357191,11
SRR3360712,11
SRR3361337,11
SRR3360690,9
SRR3360727,11
SRR3360638,11
SRR3360743,11
SRR3360619,11
SRR3361353,11
SRR3361322,11
SRR3360686,11
SRR3360617,11
SRR3360714,11
GCGS0864,11
GCGS0271,11
GCGS0656,11
GCGS0722,11
GCGS0908,11
GCGS0811,11
GCGS0185,11
GCGS0888,11
GCGS0679,11
GCGS1088,11
GCGS0510,11
GCGS0274,9
GCGS0065,11
GCGS0077,11
GCGS0954,11
GCGS0493,11
GCGS0416,11
GCGS0914,11
GCGS0768,11
GCGS0196,11
GCGS0842,9
GCGS0881,11
GCGS0212,11
GCGS0381,11
GCGS0414,11
GCGS0720,11
GCGS0125,11
GCGS0854,11
GCGS0079,11
GCGS0041,11
GCGS0820,11
GCGS0020,11
GCGS0880,11
GCGS0771,11
GCGS0901,11
GCGS1010,11
GCGS0132,11
GCGS0943,11
GCGS0325,11
GCGS0693,11
GCGS0097,11
GCGS0730,11
GCGS0853,11
GCGS0875,11
GCGS0531,11
GCGS0071,11
GCGS0265,9
GCGS0967,11
GCGS0197,11
GCGS0123,11
GCGS0101,11
GCGS0334,11
GCGS0400,11
GCGS0115,11
GCGS0434,11
GCGS0151,11
GCGS1003,11
GCGS0754,11
GCGS0093,11
GCGS0946,11
GCGS0199,11
GCGS0877,11
GCGS0863,11
GCGS0211,11
GCGS0606,11
GCGS0892,11
GCGS0898,11
GCGS0019,11
GCGS0491,11
GCGS0628,11
GCGS0905,11
GCGS0272,11
GCGS0947,11
GCGS0849,11
GCGS0269,11
GCGS0321,11
GCGS0146,11
GCGS0336,11
GCGS1051,11
GCGS0590,11
GCGS0979,11
GCGS0938,11
GCGS0715,11
GCGS0143,11
GCGS0219,11
GCGS0524,11
GCGS0601,11
GCGS0217,11
GCGS0798,11
GCGS1076,11
GCGS0779,11
GCGS0147,11
GCGS0122,11
GCGS0705,11
GCGS0897,11
GCGS0303,9
GCGS0239,11
GCGS0432,9
GCGS0216,11
GCGS0409,11
GCGS0415,11
GCGS0528,11
GCGS1042,11
GCGS0683,11
GCGS0948,11
GCGS0950,11
GCGS0028,11
GCGS0300,11
GCGS1091,11
GCGS0073,11
GCGS0711,11
GCGS0956,11
GCGS1033,11
GCGS0535,11
GCGS0047,11
GCGS1077,11
GCGS0105,11
GCGS1012,11
GCGS0609,11
GCGS0413,11
GCGS0710,11
GCGS0106,11
GCGS0751,11
GCGS1031,11
GCGS0945,11
GCGS0952,11
GCGS0987,11
GCGS0499,11
GCGS0235,11
GCGS0396,11
GCGS0654,11
GCGS0232,11
GCGS0030,11
GCGS0894,11
GCGS0904,11
GCGS0551,11
GCGS0558,11
GCGS0836,11
GCGS0633,11
GCGS0676,11
GCGS0411,11
GCGS0920,11
GCGS0221,11
GCGS0033,11
GCGS0144,11
GCGS0900,11
GCGS0205,11
GCGS0419,11
GCGS0186,11
GCGS0341,11
GCGS0783,11
GCGS0821,11
GCGS0470,11
GCGS0568,11
GCGS1082,11
GCGS0440,11
GCGS0951,11
GCGS0691,11
GCGS0632,11
GCGS0985,11
GCGS0978,11
GCGS0049,11
GCGS0538,9
GCGS0173,11
GCGS0902,11
GCGS0506,11
GCGS0241,11
GCGS0929,11
GCGS0725,11
GCGS0969,11
GCGS0010,11
GCGS0188,11
GCGS0236,11
GCGS0005,11
GCGS0939,11
GCGS0141,11
GCGS0949,11
GCGS0731,11
GCGS0046,11
GCGS0983,11
GCGS0039,11
GCGS1089,11
GCGS1081,11
GCGS0695,11
GCGS0391,11
GCGS0153,11
GCGS0785,11
GCGS0209,11
GCGS0890,11
GCGS0023,11
GCGS0664,11
GCGS0588,11
GCGS0837,11
GCGS0343,11
GCGS0941,11
GCGS1086,11
GCGS0848,11
GCGS0417,11
GCGS1032,11
GCGS0262,9
GCGS0094,11
GCGS0963,11
GCGS0741,11
GCGS0891,11
GCGS0286,11
GCGS0201,11
GCGS0009,11
GCGS0617,11
GCGS0075,11
GCGS0237,11
GCGS0659,11
GCGS0961,11
GCGS0882,11
GCGS0058,11
GCGS0620,11
GCGS0029,11
GCGS0957,11
GCGS1087,11
GCGS0370,9
GCGS0868,11
GCGS0087,11
GCGS0267,11
GCGS0650,11
GCGS0931,11
GCGS0214,11
GCGS1005,11
GCGS0993,11
GCGS0533,11
GCGS0977,11
GCGS0088,11
GCGS0757,11
GCGS0589,11
GCGS0944,11
GCGS1011,11
GCGS0446,11
GCGS0227,11
GCGS1056,11
GCGS0796,11
GCGS0231,11
GCGS1062,11
GCGS0213,11
GCGS0195,11
GCGS1079,11
GCGS0505,11
GCGS0452,11
GCGS0382,11
GCGS0838,11
GCGS0043,11
GCGS1026,11
GCGS0913,11
GCGS0099,11
GCGS0955,11
GCGS0883,11
GCGS1084,11
GCGS0480,11
GCGS0962,11
GCGS0111,11
GCGS0329,11
GCGS0500,9
GCGS0980,11
GCGS0121,11
GCGS0769,11
GCGS1083,11
GCGS0242,11
GCGS0119,11
GCGS0884,11
GCGS0740,11
GCGS0567,11
GCGS0667,11
GCGS0959,11
GCGS0004,11
GCGS0139,11
GCGS0495,11
GCGS0067,11
GCGS0893,11
GCGS0637,11
GCGS0922,11
GCGS0774,11
GCGS0910,11
GCGS1101,11
GCGS0447,11
GCGS0621,11
GCGS0052,11
GCGS0595,11
GCGS1070,11
GCGS0721,11
GCGS1078,11
GCGS0917,11
GCGS0068,11
GCGS0066,11
GCGS0003,11
GCGS0045,11
GCGS0342,11
GCGS0981,11
GCGS0317,11
GCGS0527,11
GCGS0666,11
GCGS0182,11
GCGS0862,11
GCGS0968,11
GCGS0037,11
GCGS0764,11
GCGS0581,11
GCGS0631,11
GCGS0059,11
GCGS0970,11
GCGS0131,11
GCGS0534,11
GCGS1104,11
GCGS0450,9
GCGS0999,11
GCGS0622,11
GCGS1100,11
GCGS0042,11
GCGS0475,11
GCGS0051,11
GCGS1007,11
GCGS0918,11
GCGS0225,11
GCGS0369,11
GCGS0490,11
GCGS0061,11
GCGS0103,11
GCGS0935,11
GCGS0690,11
GCGS0095,11
GCGS0942,11
GCGS0994,11
GCGS0835,11
GCGS0858,11
GCGS0178,11
GCGS0109,11
GCGS0161,11
GCGS0940,11
GCGS0169,11
GCGS0982,11
GCGS1068,11
GCGS0057,11
GCGS1052,11
GCGS0653,11
GCGS0889,11
GCGS0625,11
GCGS0934,11
GCGS1090,11
GCGS0193,11
GCGS0989,11
GCGS0331,11
GCGS1025,11
GCGS0203,11
GCGS0210,11
GCGS0117,11
GCGS0264,11
GCGS0368,11
GCGS0448,11
GCGS0686,11
GCGS0158,11
GCGS0175,11
GCGS0494,11
GCGS0002,11
GCGS0463,11
GCGS0856,11
GCGS0053,11
GCGS0189,11
GCGS0261,9
GCGS0925,11
GCGS1041,11
GCGS1001,11
GCGS0285,11
GCGS1060,11
GCGS0610,11
GCGS0878,11
GCGS0107,11
GCGS0183,11
GCGS0424,11
GCGS1071,11
GCGS0992,11
GCGS0108,11
GCGS0532,11
GCGS0172,11
GCGS0714,11
GCGS0380,11
GCGS0973,11
GCGS0435,11
GCGS0223,11
GCGS0763,11
GCGS0086,11
GCGS0340,11
GCGS0503,11
GCGS0181,11
GCGS0781,11
GCGS0795,11
GCGS0591,11
GCGS0662,9
GCGS0299,11
GCGS0739,11
GCGS0291,9
GCGS0840,11
GCGS0596,11
GCGS0145,11
GCGS0879,11
GCGS0179,11
GCGS0090,11
GCGS0278,11
GCGS0124,11
GCGS0899,11
GCGS0069,11
GCGS0851,11
GCGS0776,11
GCGS0017,11
GCGS0288,11
GCGS1069,11
GCGS0001,11
GCGS0712,11
GCGS0459,11
GCGS0689,11
GCGS0873,11
GCGS0673,11
GCGS0328,11
GCGS0091,11
GCGS1016,11
GCGS1072,11
GCGS0592,11
GCGS0438,9
GCGS0960,11
GCGS0085,11
GCGS0469,11
GCGS0886,11
GCGS0129,11
GCGS0289,11
GCGS0750,11
GCGS0076,11
GCGS0896,11
GCGS0383,11
GCGS0229,11
GCGS0906,11
GCGS0767,11
GCGS0706,11
GCGS0191,11
GCGS0626,11
GCGS1030,11
GCGS0344,11
GCGS0234,11
GCGS0187,11
GCGS0876,11
GCGS0063,11
GCGS0916,11
GCGS0080,11
GCGS0649,11
GCGS0635,11
GCGS0388,11
GCGS0872,11
GCGS0912,11
GCGS0508,11
GCGS0363,11
GCGS0971,11
GCGS0180,11
GCGS1054,11
GCGS0903,11
GCGS0429,11
GCGS1000,11
GCGS0603,11
GCGS0871,11
GCGS0135,11
GCGS0772,11
GCGS0167,11
GCGS0557,11
GCGS1057,11
GCGS0006,11
GCGS0953,11
GCGS0166,11
GCGS0813,11
GCGS1049,11
GCGS0629,11
GCGS0233,11
GCGS0140,11
GCGS0163,11
GCGS0148,11
GCGS0351,9
GCGS0025,11
GCGS0972,11
GCGS1023,11
GCGS0608,11
GCGS0113,11
GCGS0137,11
GCGS0160,11
GCGS0919,11
GCGS0874,11
GCGS0958,11
GCGS0149,11
GCGS0684,11
GCGS0885,11
GCGS0775,11
GCGS0991,11
GCGS0133,11
GCGS0031,11
GCGS0597,11
GCGS0716,11
GCGS0707,11
GCGS0021,11
GCGS0578,11
GCGS0165,11
GCGS0102,11
GCGS0797,11
GCGS1037,11
GCGS0529,11
GCGS0130,11
GCGS0428,11
GCGS0035,11
GCGS0171,11
GCGS0577,11
GCGS0254,11
GCGS0965,11
GCGS0911,11
GCGS0464,11
GCGS0921,11
GCGS0627,11
GCGS0964,11
GCGS0841,11
GCGS0207,11
GCGS0511,11
GCGS0177,11
GCGS0924,11
GCGS0675,11
GCGS0799,11
GCGS0677,11
GCGS0923,11
GCGS0159,11
GCGS0974,11
GCGS0823,11
GCGS0822,11
GCGS0081,11
GCGS0933,11
GCGS0636,11
GCGS0027,11
GCGS0104,11
GCGS0678,11
GCGS0844,11
GCGS1080,11
GCGS1094,11
GCGS0392,11
GCGS0895,11
GCGS0215,11
GCGS0308,11
GCGS1002,11
GCGS0988,11
GCGS0055,11
GCGS0719,11
GCGS0385,11
GCGS0127,11
GCGS1098,11
GCGS0337,11
GCGS0356,11
GCGS0410,11
GCGS0451,11
GCGS0054,11
GCGS0007,11
GCGS0780,11
GCGS0514,11
GCGS1073,11
SRR7226395,11
SRR7226379,11
SRR7226397,9
SRR7226403,9
SRR7226383,11
SRR7226393,11
SRR7226412,11
SRR7226417,11
SRR7226396,11
SRR7226390,11
SRR7226381,9
SRR7226400,11
SRR7226414,11
SRR7226411,11
SRR7226385,9
SRR7226391,9
SRR7226405,11
SRR7226418,11
SRR7226386,11
SRR7226384,11
SRR7226409,11
SRR7226389,11
SRR7226407,11
SRR7226398,9
SRR7226382,11
ERR2133964,11
ERR2133987,11
ERR2133963,11
ERR2133947,11
ERR2133945,11
ERR2133920,11
ERR2133942,11
ERR2133938,9
ERR2133946,11
ERR2133918,11
ERR2133965,11
ERR2133986,11
ERR2133919,11
ERR2133943,11
ERR2133973,9
ERR2133894,9
ERR2133937,9
ERR2133921,11
ERR2133948,11
ERR2133944,11
ERR2133939,9
ERR2133974,9
DRR124690,11
DRR124843,11
DRR124744,11
DRR124835,11
DRR124798,11
DRR124766,11
DRR124855,11
DRR124755,11
DRR124771,11
DRR124697,11
DRR124878,11
DRR129083,11
DRR124882,11
DRR124846,11
DRR124828,11
DRR129089,11
DRR129086,11
DRR124817,11
DRR129087,11
DRR117968,11
DRR124714,11
DRR124727,11
DRR124692,11
DRR124840,11
DRR124696,11
DRR129091,11
DRR124826,11
DRR124805,11
DRR124880,11
DRR124845,11
DRR124831,11
DRR124874,11
DRR117991,11
DRR124785,11
DRR124773,11
DRR124868,11
DRR117980,11
DRR124737,11
DRR124811,11
DRR124833,11
DRR124726,11
DRR124802,11
DRR124748,11
DRR124891,11
DRR124825,11
DRR124861,11
DRR124743,11
DRR124853,11
DRR117983,11
DRR124747,11
DRR124876,11
DRR124715,11
DRR124738,11
DRR124875,11
DRR124813,11
DRR124767,11
DRR124764,11
DRR124827,11
DRR124823,11
DRR117974,11
DRR124862,11
DRR124733,11
DRR124775,11
DRR124856,11
DRR124804,11
DRR124830,11
DRR124884,11
DRR124784,11
DRR124809,11
DRR124776,11
DRR124864,11
DRR124881,11
DRR124812,11
DRR124774,11
DRR124819,11
DRR124718,11
DRR124772,11
DRR124768,11
DRR124850,11
DRR117970,11
DRR129088,11
DRR124873,11
DRR124838,11
DRR124786,11
DRR124745,11
DRR124870,11
DRR124844,11
DRR124803,11
DRR117959,11
DRR129092,11
DRR124765,11
DRR124793,11
DRR124858,11
DRR124706,11
DRR124820,11
DRR124818,11
DRR124794,11
DRR124788,11
DRR124751,11
ERR2172351,11
ERR2172273,11
ERR2172302,11
ERR2172298,11
ERR2172349,11
ERR2172324,11
ERR2172265,11
ERR2172342,11
ERR2172276,11
ERR2172309,11
ERR2172340,11
ERR2172288,11
ERR2172329,11
ERR2172277,11
ERR2172290,11
ERR2172287,11
ERR2172328,11
ERR2172262,11
ERR2172331,11
ERR2172254,11
ERR2172322,11
ERR2172319,11
ERR2172332,11
ERR2172339,11
ERR2172334,11
ERR2172326,11
ERR2172304,11
ERR2172330,11
ERR2172353,11
ERR2172272,11
ERR2172286,11
ERR2172269,11
ERR2172311,11
ERR2172320,11
ERR2172317,11
ERR2172344,11
ERR2172283,11
ERR2172256,11
ERR2172258,11
ERR2172313,11
ERR2172348,11
ERR2172346,11
ERR2172315,11
ERR2172279,11
ERR2172295,11
ERR2172350,11
ERR2172280,11
ERR2172310,11
ERR2172284,11
ERR2172333,11
ERR2172300,11
ERR2172303,11
ERR2172325,11
ERR2172292,11
ERR2172352,11
ERR2172338,11
ERR2172323,11
ERR2172294,11
ERR2172337,11
ERR2172345,11
ERR2172274,11
ERR2172347,11
ERR2172318,11
ERR2172267,11
ERR2172255,11
ERR2172281,11
ERR2172291,11
ERR2172266,11
ERR2172321,11
ERR2172299,11
ERR2172343,11
ERR2172314,11
ERR2172327,11
ERR2172275,11
ERR2172296,11
ERR2172289,11
ERR2172285,11
ERR2172282,11
ERR2172316,11
ERR2172312,11
ERR2172271,11
ERR2172306,11
ERR2172354,11
ERR2172293,11
ERR2172270,11
ERR2172341,11
ERR2172301,11
ERR2172260,11
ERR2172336,11
ERR2172335,11
ERR2172307,11
ERR2172305,11
SRR969392,9
SRR969375,11
SRR969380,11
SRR969346,11
SRR969378,11
SRR969356,11
SRR969384,11
SRR969371,11
SRR969361,11
SRR969389,11
SRR969386,11
SRR969354,9
SRR955973,11
SRR969366,9
SRR959017,11
SRR969381,9
SRR969363,11
SRR969352,11
SRR969365,11
SRR969377,9
ERR1469684,11
ERR1469569,11
ERR1469679,11
ERR1602745,11
ERR1469597,11
ERR1514717,11
ERR1560918,11
ERR1560857,11
ERR1528199,11
ERR1514812,11
ERR1469712,11
ERR1514688,11
ERR1514795,11
ERR1560897,11
ERR1514759,11
ERR1469761,11
ERR1549785,11
ERR1514844,9
ERR1528197,11
ERR1549783,9
ERR1528333,11
ERR1602746,11
ERR1469681,11
ERR1528168,11
ERR1549700,11
ERR1560834,11
ERR1680299,11
ERR1560794,11
ERR1471125,9
ERR1555173,9
ERR1471143,11
ERR1555224,11
ERR1549732,11
ERR1528304,11
ERR1469595,11
ERR1560893,11
ERR1549734,11
ERR1680300,11
ERR1555195,9
ERR1469570,11
ERR1514763,11
ERR1469735,11
ERR1514826,11
ERR1514712,11
ERR1560837,11
ERR1514713,11
ERR1528247,11
ERR1514804,11
ERR1528153,11
ERR1602756,11
ERR1560855,11
ERR1469572,11
ERR1514691,11
ERR1514814,11
ERR1680306,11
ERR1514721,11
ERR1549784,11
ERR1514754,11
ERR1514684,11
ERR1560822,11
ERR1528143,11
ERR1469617,11
ERR1469674,11
ERR1560929,11
ERR1469576,11
ERR1560858,11
ERR1549681,11
ERR1528283,9
ERR1602793,11
ERR1514816,11
ERR1469671,11
ERR1555227,11
ERR1560841,11
ERR1555167,11
ERR1469663,11
ERR1680315,11
ERR1549729,11
ERR1560860,11
ERR1528253,11
ERR1549691,11
ERR1469745,11
ERR1528249,11
ERR1549743,11
ERR1555222,11
ERR1469760,11
ERR1528160,11
ERR1549689,11
ERR1514683,11
ERR1560816,11
ERR1560796,11
ERR1528222,11
ERR1560825,11
ERR1528218,11
ERR1528231,11
ERR1528159,11
ERR1528203,11
ERR1560823,11
ERR1560821,11
ERR1555241,11
ERR1555196,9
ERR1560781,9
ERR1514773,11
ERR1514799,11
ERR1555210,9
ERR1514803,11
ERR1514718,11
ERR1560933,11
ERR1560947,11
ERR1560813,9
ERR1602779,9
ERR1528151,11
ERR1680297,11
ERR1514703,11
ERR1469695,11
ERR1528217,11
ERR1514835,11
ERR1528294,9
ERR1469606,11
ERR1528221,11
ERR1528268,9
ERR1469588,11
ERR1560950,11
ERR1549698,11
ERR1560903,11
ERR1469680,11
ERR1514813,11
ERR1528177,11
ERR1560777,11
ERR1514694,11
ERR1469628,11
ERR1514784,11
ERR1528300,11
ERR1514677,11
ERR1528185,11
ERR1514836,11
ERR1602782,11
ERR1528232,11
ERR1549683,11
ERR1555229,9
ERR1560818,11
ERR1555178,9
ERR1555239,11
ERR1471138,11
ERR1555232,11
ERR1528238,11
ERR1514697,11
ERR1469632,11
ERR1528183,11
ERR1560868,9
ERR1528209,11
ERR1469752,11
ERR1555181,9
ERR1602767,11
ERR1560820,11
ERR1514709,11
ERR1602766,9
ERR1528133,11
ERR1469625,11
ERR1560861,11
ERR1621700,11
ERR1560780,11
ERR1560936,9
ERR1514830,11
ERR1560811,11
ERR1469591,11
ERR1549740,11
ERR1549781,11
ERR1471122,11
ERR1514837,11
ERR1469612,11
ERR1549730,11
ERR1680319,11
ERR1528211,11
ERR1469713,11
ERR1602792,11
ERR1555223,11
ERR1549739,11
ERR1469577,11
ERR1514806,11
ERR1514818,11
ERR1469619,11
ERR1469678,11
ERR1469564,11
ERR1528163,11
ERR1555202,11
ERR1549757,11
ERR1560888,11
ERR1469725,11
ERR1560832,11
ERR1602752,11
ERR1514821,11
ERR1528281,11
ERR1602787,11
ERR1528158,11
ERR1549679,11
ERR1469676,11
ERR1560884,11
ERR1555221,11
ERR1602769,9
ERR1549708,11
ERR1560946,11
ERR1514776,11
ERR1528329,11
ERR1549697,11
ERR1514831,11
ERR1469673,11
ERR1469590,11
ERR1469565,11
ERR1469737,11
ERR1549684,11
ERR1514705,11
ERR1514692,11
ERR1549718,11
ERR1471135,11
ERR1469738,11
ERR1560937,11
ERR1528224,11
ERR1514675,11
ERR1602785,11
ERR1514687,11
ERR1549727,11
ERR1469697,11
ERR1680305,11
ERR1469665,11
ERR1528280,11
ERR1560795,11
ERR1514785,11
ERR1555170,9
ERR1555187,9
ERR1549678,11
ERR1560782,11
ERR1560826,11
ERR1528126,11
ERR1602747,11
ERR1514715,11
ERR1528175,11
ERR1469717,11
ERR1560863,9
ERR1560788,11
ERR1528155,11
ERR1555228,11
SRR5827271,11
SRR5827148,9
SRR5827032,11
SRR5827101,11
SRR5827412,9
SRR5827048,11
SRR5827236,11
SRR5827221,11
SRR5827331,11
SRR5827309,11
SRR5827310,11
SRR5827351,11
SRR5827200,11
SRR5827245,11
SRR5827047,11
SRR5827383,11
SRR5827149,11
SRR5827267,11
SRR5827261,11
SRR5827112,11
SRR5827050,11
SRR5827161,11
SRR5827096,11
SRR5827277,9
SRR5827350,11
SRR5827202,11
SRR5827312,11
SRR5827066,11
SRR5827141,11
SRR5827321,11
SRR5827307,11
SRR5827409,11
SRR5827190,11
SRR5827103,11
SRR5827078,11
SRR5827167,11
SRR5827247,11
SRR5827135,11
SRR5827358,11
SRR5827316,11
SRR5827289,11
SRR5827319,11
SRR5827292,11
SRR5827185,11
SRR5827123,11
SRR5827065,11
SRR5827095,11
SRR5827272,11
SRR5827058,11
SRR5827389,11
SRR5827079,11
SRR5827115,11
SRR5827134,9
SRR5827182,11
SRR5827230,11
SRR5827107,11
SRR5827216,11
SRR5827122,9
SRR5827299,11
SRR5827332,11
SRR5827318,11
SRR5827373,11
SRR5827102,11
SRR1661173,11
SRR1661209,11
SRR1661239,9
SRR1661158,11
SRR1661161,11
SRR1661235,9
SRR1661230,11
SRR1661258,11
SRR1661328,11
SRR1661228,11
SRR1661292,11
SRR1661262,11
SRR1661184,11
SRR1661310,11
SRR1661233,11
SRR1661307,11
SRR1661324,9
SRR1661265,11
SRR1661210,11
SRR1661200,11
SRR1661237,9
SRR1661315,11
SRR1661270,11
SRR1661271,11
SRR1661326,11
SRR1661287,9
SRR1661231,11
SRR1661259,11
SRR1661199,11
SRR1661308,11
SRR1661203,11
SRR1661215,11
SRR1661288,9
SRR1661238,9
SRR1661269,11
SRR1661206,11
SRR1661254,11
SRR1661202,11
SRR1661293,11
SRR1661241,9
SRR1661166,11
SRR1661240,9
SRR1661268,11
SRR1661201,11
SRR1661234,9
SRR1661282,9
SRR1661286,9
SRR1661164,11
SRR1661226,11
SRR2736232,11
SRR2736266,11
SRR2736204,11
SRR2736227,11
SRR2736136,11
SRR2736110,11
SRR2736220,11
SRR2736114,11
SRR2736228,11
SRR2736248,11
SRR2736223,11
SRR2736143,11
SRR2736146,11
SRR2736150,11
SRR2736131,11
SRR2736254,11
SRR2736264,11
SRR2736244,11
SRR2736226,11
SRR4343301,11
SRR2736241,11
SRR2736193,11
SRR2736276,11
SRR2736096,11
SRR2736163,11
SRR2736140,11
SRR2736260,11
SRR2736246,11
SRR2736160,11
SRR2736229,11
SRR2736230,11
SRR2736224,11
SRR2736277,11
SRR2736245,11
SRR2736209,11
SRR2736267,11
SRR2736162,11
SRR2736111,11
SRR2736137,11
SRR2736198,11
SRR2736222,11
SRR2736279,11
SRR2736258,11
SRR2736247,11
SRR2736259,11
SRR2736263,11
SRR2736265,11
25825_2#72,11
25818_3#277,11
25825_2#65,11
25818_2#165,11
25825_2#34,11
25818_2#267,11
25818_3#243,11
25818_3#228,11
25818_3#353,11
25818_2#254,11
25818_2#298,11
25825_2#157,11
25825_2#176,11
25825_2#101,11
25818_2#311,11
25825_2#189,11
25818_2#179,11
25825_2#138,11
25818_3#264,11
25818_2#306,11
25825_2#83,9
25818_2#314,11
25818_2#21,11
25818_3#340,11
21485_4#12,11
21242_3#158,11
25818_2#232,11
25818_2#271,11
25818_2#248,11
25825_2#126,9
25818_2#228,9
25825_2#108,11
25818_2#304,11
21242_3#179,11
25825_2#141,11
21242_4#103,11
21242_3#64,11
21485_4#30,11
25825_2#90,11
21485_4#26,9
25825_2#163,9
25825_2#8,11
21242_4#36,11
21242_4#78,9
21242_3#19,9
25818_3#232,11
25818_3#302,11
25818_3#269,11
21242_4#104,11
21242_4#54,11
25818_3#242,11
25818_2#278,11
21242_3#92,9
25818_3#263,11
25825_2#78,11
21242_4#47,9
25825_2#170,9
25818_3#284,11
25818_2#8,11
21242_3#156,11
25818_3#372,11
25818_3#295,11
25818_3#241,11
25818_3#256,11
25818_3#233,11
21242_3#63,11
21242_3#6,11
25818_2#272,11
25818_2#16,11
25825_2#165,11
21242_4#126,11
25818_3#380,11
25818_3#262,11
21242_3#59,11
25818_2#46,11
25818_3#377,11
25818_2#20,11
25818_2#277,11
21485_4#27,11
21485_4#10,9
25818_3#365,11
25818_2#225,11
25818_3#335,11
25825_2#31,11
25825_2#22,11
25818_3#230,11
21242_3#153,9
21242_3#8,11
25825_2#155,11
25818_2#2,11
25818_2#24,11
21242_3#146,11
21242_3#43,11
21242_4#102,11
25825_2#164,11
25825_2#3,9
25818_2#26,11
25818_3#383,9
25818_3#338,11
25818_3#358,11
25818_2#221,11
21242_4#81,11
25825_2#96,11
21242_4#53,11
21242_4#97,11
25818_2#239,11
25825_2#167,11
25825_2#85,11
25818_3#313,11
25818_3#322,11
21242_4#26,9
25825_2#173,11
21242_3#81,9
25818_2#247,11
25818_2#279,11
25825_2#93,11
25818_2#183,11
21242_3#82,11
21242_3#148,9
25818_3#285,11
17966_3#31,9
21242_3#136,11
21242_4#23,11
21242_4#77,11
21242_4#110,9
21242_4#8,11
25818_3#235,11
25825_2#190,11
25818_2#249,11
25818_2#48,11
21242_4#85,11
25818_3#315,11
25818_2#309,11
25818_2#178,9
25818_3#294,11
21242_3#77,11
25818_3#366,11
21242_4#86,11
21242_3#102,11
25818_3#349,11
25818_3#307,11
17966_3#18,11
25818_2#43,11
21242_3#55,11
25818_2#23,11
25818_3#234,9
25818_2#180,11
25825_2#182,11
21242_4#89,11
25825_2#17,9
21242_4#59,11
25818_2#307,11
21242_4#132,11
21242_4#6,11
21242_4#72,11
25818_2#293,11
21242_4#83,11
21242_3#47,9
25818_3#237,11
25825_2#120,9
21485_4#35,11
25818_3#356,11
25825_2#122,9
17966_3#12,11
21242_3#188,11
17966_3#26,11
21242_4#115,9
25818_2#305,11
25825_2#35,11
21242_4#16,11
21242_3#178,11
25825_2#82,11
25825_2#147,9
25825_2#111,11
25825_2#158,9
25818_3#360,11
25825_2#168,11
25818_2#192,11
21242_4#127,11
21485_4#9,11
21242_3#160,11
21242_3#73,11
25818_3#350,11
21242_4#42,11
25818_3#253,11
25818_2#182,11
21242_4#61,11
21242_4#95,9
21485_4#24,11
21242_3#33,9
25818_2#211,11
21242_3#168,11
25818_3#364,11
17966_3#33,11
21485_4#37,11
25818_2#220,11
21242_3#162,11
25818_3#309,11
25818_3#369,11
21242_3#12,11
25818_2#246,11
21242_3#46,11
25825_2#46,11
21242_3#24,11
25818_2#19,11
21242_3#4,11
21242_4#74,11
25818_3#259,11
25825_2#148,11
21485_4#16,11
21242_4#70,11
25818_3#375,11
25818_2#276,11
21242_4#60,11
25825_2#162,9
25818_3#271,11
21242_4#76,11
25818_2#235,11
21242_4#94,11
21242_3#90,9
21242_3#23,9
25818_3#282,11
25825_2#125,11
21242_3#45,11
21242_4#19,11
25818_3#287,11
21242_4#62,11
25825_2#146,11
21242_4#18,9
21242_4#17,11
25825_2#118,11
21242_4#15,11
25818_2#263,11
25825_2#50,9
21242_3#34,11
25818_2#176,11
25825_2#67,11
21242_3#176,11
25825_2#123,9
25818_3#223,11
25818_2#231,9
25818_2#240,11
25818_2#251,11
17966_3#35,9
25825_2#60,9
25818_3#310,11
21242_3#105,11
21485_4#18,11
25818_3#274,11
21242_4#7,11
21242_4#56,11
21242_4#91,11
25825_2#110,11
21242_4#133,11
25818_2#290,11
GCGS1009,11
GCGS0353,10
GCGS1008,11
GCGS0909,11
ERR1469573,10
ERR1560856,10
17966_3#40,9
ERR363597,9
ERR363596,9
ERR349893,9
ERR349968,9
ERR349963,9
ERR363602,9
SRR3360964,9
SRR3360726,9
SRR3360662,9
SRR3360734,9
SRR3360636,9
SRR3360725,9
SRR3360917,11
SRR3360829,9
SRR3360993,9
SRR3360950,9
GCGS0445,9
GCGS0359,9
GCGS0377,9
GCGS0496,11
GCGS0323,9
ERR2133899,9
ERR2133900,9
ERR2133902,9
ERR2133898,9
ERR2133901,9
SRR969345,9
ERR1560875,9
ERR1514689,9
ERR1514838,9
ERR1555204,9
ERR1560876,11
ERR1469755,11
ERR1560944,9
ERR1560840,9
ERR1514766,9
ERR1469581,9
ERR1555217,9
ERR1528167,9
ERR1602763,9
ERR1602744,9
ERR1528236,9
ERR1560865,11
ERR1528152,9
ERR1514789,9
ERR1514765,9
ERR1560862,11
SRR5827059,9
SRR5827152,9
SRR5827300,9
SRR5827415,9
SRR5827326,9
SRR5827121,9
SRR5827234,9
SRR5827043,9
SRR5827100,9
SRR5827305,9
SRR5827092,9
SRR5827349,9
SRR5827055,9
SRR5827391,9
SRR5827145,9
SRR5827118,9
SRR5827231,9
SRR5827197,9
SRR5827176,9
SRR5827074,9
SRR5827274,9
SRR5827140,9
SRR5827160,9
SRR5827276,9
SRR5827317,9
SRR5827153,9
SRR5827084,9
SRR5827108,9
SRR1661224,9
SRR1661169,11
SRR1661314,9
SRR1661321,9
SRR1661291,9
SRR1661172,9
SRR1661180,9
SRR1661225,9
SRR1661260,9
SRR2736173,9
SRR2736170,9
SRR2736179,9
SRR2736172,9
SRR2736182,9
SRR2736171,9
SRR2736183,9
SRR2736180,9
21242_3#10,9
25818_2#184,9
25825_2#57,11
25818_3#226,9
21242_3#98,9
17966_3#42,11
25825_2#56,11
25825_2#11,11
25825_2#40,9
25825_2#61,9
25818_3#221,9
25825_2#74,9
21242_3#154,9
25825_2#131,9
25825_2#66,9
25825_2#132,9
ERR349965,11
ERR363649,11
ERR363641,11
ERR363638,11
ERR349887,11
ERR349962,11
ERR449459,11
ERR388436,11
ERR349908,9
ERR388441,11
ERR349912,9
ERR349916,11
ERR388337,11
ERR363623,11
ERR449458,11
ERR388379,11
ERR363588,11
ERR363608,11
ERR388455,11
ERR388399,11
ERR449482,9
ERR449515,9
ERR363639,11
ERR363609,11
ERR363607,11
ERR388453,11
ERR349957,11
ERR363648,11
ERR363576,11
ERR363640,11
ERR388442,11
ERR363634,9
ERR349891,10
ERR449461,11
ERR349920,11
ERR388311,9
ERR388430,11
ERR388396,11
ERR363645,11
ERR449511,11
ERR388414,11
ERR363656,11
ERR363585,11
ERR363586,11
ERR363657,11
ERR388332,11
ERR349972,11
ERR363665,11
ERR349909,11
ERR388444,10
SRR3360772,11
SRR3360667,11
SRR3361346,11
SRR3360637,11
SRR3360774,11
SRR3360883,11
SRR3360641,11
SRR3360981,11
SRR3360680,11
SRR3360926,11
SRR3361332,11
SRR3361333,11
SRR3360846,11
SRR3360653,11
SRR3360698,11
SRR3360721,11
SRR3360810,11
SRR3360614,11
SRR3360970,11
SRR3360983,11
SRR3360984,11
SRR3360893,11
SRR3360980,11
GCGS0255,10
GCGS0735,11
GCGS0648,11
GCGS0444,11
GCGS0786,11
GCGS0270,11
GCGS0755,11
GCGS0793,11
GCGS1017,11
GCGS0238,11
GCGS1029,11
GCGS0817,11
GCGS0668,11
GCGS0394,9
GCGS0759,11
GCGS0358,11
GCGS0279,11
GCGS0486,11
GCGS0790,11
GCGS0598,11
GCGS0737,11
GCGS0412,11
GCGS0770,11
GCGS0738,11
GCGS0442,11
GCGS0569,11
GCGS0208,11
GCGS0782,11
GCGS0561,11
GCGS1018,11
GCGS0709,11
GCGS0651,11
GCGS0671,11
GCGS0867,11
GCGS0699,11
GCGS0808,11
GCGS0723,11
GCGS0724,11
GCGS0831,11
GCGS0013,11
GCGS0824,11
GCGS0865,11
GCGS0760,11
GCGS0248,11
GCGS1055,11
GCGS0367,11
GCGS0615,11
GCGS0812,11
GCGS0287,11
GCGS0389,11
GCGS0765,11
GCGS0326,11
GCGS0791,11
GCGS0784,11
GCGS0339,9
GCGS0530,11
GCGS0366,11
GCGS0142,11
GCGS0082,11
GCGS0846,11
GCGS0573,11
GCGS0761,11
GCGS0788,11
GCGS0616,11
GCGS0815,11
GCGS0613,11
GCGS0314,11
GCGS0607,11
GCGS0672,11
GCGS0619,11
GCGS0758,11
GCGS0539,11
GCGS0749,11
GCGS0647,11
GCGS0399,11
GCGS0542,11
GCGS0805,11
GCGS0804,11
GCGS0612,11
GCGS0263,10
GCGS1043,11
GCGS0420,11
GCGS0736,11
GCGS0498,11
GCGS0566,11
GCGS0306,11
GCGS1044,11
GCGS0830,11
GCGS0818,11
GCGS0646,11
GCGS0605,11
GCGS0150,11
GCGS0576,11
GCGS0814,11
GCGS1045,11
GCGS0855,11
GCGS0430,11
GCGS0408,11
GCGS0580,11
GCGS0423,11
GCGS0713,11
GCGS0397,11
GCGS0734,11
GCGS0825,11
GCGS0547,11
GCGS0555,11
GCGS0640,11
GCGS0792,11
GCGS0220,11
GCGS0565,11
GCGS0682,11
GCGS0453,10
GCGS0112,11
GCGS0816,11
GCGS0570,11
GCGS0847,11
GCGS0809,11
GCGS0624,11
GCGS0152,11
GCGS0852,11
GCGS0537,11
GCGS0247,11
GCGS0861,11
GCGS0702,11
GCGS0930,11
GCGS0866,11
GCGS0794,11
GCGS0777,11
GCGS0826,11
GCGS0704,11
GCGS0614,11
GCGS0309,11
GCGS0594,11
GCGS0630,11
GCGS0773,11
GCGS0652,11
GCGS1097,11
GCGS1047,11
GCGS0726,11
SRR7226401,11
SRR7226406,11
SRR7226402,9
SRR7226387,11
SRR7226408,11
SRR7226419,11
ERR2133971,11
ERR2133907,11
ERR2133906,11
ERR2133970,11
ERR2133896,11
ERR2133908,11
ERR2133969,11
ERR2133928,11
ERR2133927,11
ERR2133905,11
ERR2133949,11
ERR2133950,11
ERR2133972,11
ERR2133975,11
ERR2133897,11
DRR124892,9
DRR124780,11
DRR117981,11
DRR124731,9
DRR124834,11
DRR124762,11
DRR124787,11
DRR124708,11
DRR124796,11
DRR124720,11
DRR124871,11
DRR124710,9
DRR124810,11
DRR124712,11
DRR124707,11
DRR124859,9
DRR124763,11
DRR124725,11
DRR124885,11
DRR117960,11
DRR124851,9
DRR124759,11
DRR124836,11
DRR124832,11
DRR124869,11
DRR124806,11
DRR124693,11
DRR124713,11
DRR124799,11
DRR124879,11
DRR124867,9
DRR124888,11
DRR124815,11
DRR124852,11
DRR117953,11
DRR117952,11
DRR124746,11
DRR124808,11
DRR124695,9
DRR124724,9
DRR124730,9
DRR124889,11
DRR124795,9
SRR969374,11
SRR969391,11
SRR969385,11
ERR1469582,11
ERR1560853,11
ERR1602794,11
ERR1555201,11
ERR1680312,11
ERR1560923,11
ERR1560805,11
ERR1528201,11
ERR1528129,11
ERR1549788,11
ERR1549733,11
ERR1549722,11
ERR1560921,11
ERR1602757,11
ERR1549787,11
ERR1469584,11
ERR1560774,11
ERR1514809,9
ERR1528132,11
ERR1602743,11
ERR1560945,11
ERR1560953,11
ERR1560779,11
ERR1549731,11
ERR1528250,11
ERR1469757,11
ERR1528172,11
ERR1560912,11
ERR1560783,11
ERR1602759,11
ERR1549744,11
ERR1514701,11
ERR1514840,11
ERR1560864,11
ERR1469580,11
ERR1469593,11
ERR1469750,11
ERR1469714,11
ERR1528130,11
ERR1514829,9
ERR1549754,11
ERR1514707,11
ERR1471127,11
ERR1514699,11
ERR1560919,11
ERR1514779,11
ERR1514751,11
ERR1528292,11
ERR1514739,11
ERR1469668,11
ERR1549735,11
ERR1549719,11
ERR1560920,11
ERR1549752,11
ERR1549746,11
ERR1528295,11
ERR1549766,11
ERR1560836,11
ERR1549749,11
ERR1602748,11
ERR1528289,11
ERR1469721,11
ERR1528291,11
ERR1560915,11
ERR1528228,11
ERR1528213,11
ERR1549724,11
ERR1528237,11
ERR1560891,11
ERR1560932,11
ERR1514748,11
ERR1680304,11
ERR1560787,11
ERR1528334,11
ERR1560939,11
ERR1469585,11
ERR1514714,11
ERR1549695,11
ERR1528135,11
ERR1514827,11
ERR1528315,11
ERR1528252,11
ERR1560869,11
ERR1549737,11
ERR1469727,11
ERR1560927,11
ERR1528171,11
ERR1528262,11
ERR1528233,11
ERR1602778,9
ERR1560847,11
ERR1528288,11
ERR1469601,11
ERR1469719,11
ERR1528128,11
ERR1528319,9
ERR1514698,11
ERR1549687,11
ERR1528267,11
ERR1528243,11
ERR1471129,11
ERR1560898,11
ERR1549717,11
ERR1469742,11
ERR1528320,11
ERR1528150,11
ERR1555184,11
ERR1514808,11
ERR1469716,11
ERR1555163,11
ERR1469602,11
ERR1528286,11
ERR1549690,11
ERR1528227,11
ERR1528327,11
ERR1469669,11
ERR1469594,11
ERR1514743,11
ERR1528137,11
ERR1549736,11
ERR1469621,11
ERR1549756,11
ERR1528225,11
ERR1555176,11
ERR1528261,11
ERR1549765,9
ERR1560910,11
ERR1549725,11
ERR1555191,11
ERR1528274,11
ERR1469722,11
ERR1560886,11
ERR1528131,11
ERR1549694,11
ERR1549720,11
ERR1555212,9
ERR1602781,11
ERR1560916,11
ERR1549728,11
ERR1549758,9
ERR1560846,11
ERR1528169,11
ERR1549723,11
ERR1602755,11
ERR1528191,11
ERR1560792,11
ERR1514693,11
ERR1549772,11
ERR1528305,11
ERR1560866,11
ERR1514817,9
ERR1469709,11
ERR1555171,11
ERR1560890,11
ERR1514690,11
ERR1680301,11
ERR1549774,11
ERR1549793,11
ERR1549726,11
ERR1560931,11
ERR1469653,11
ERR1560914,11
ERR1469655,11
ERR1528317,11
ERR1514780,11
ERR1471123,11
ERR1555168,11
ERR1549755,11
ERR1680296,11
ERR1514772,11
ERR1560804,11
ERR1469758,11
ERR1560924,9
ERR1528326,11
ERR1528277,11
ERR1514788,11
ERR1528245,11
ERR1549747,11
SRR5827031,11
SRR5827042,9
SRR5827131,9
SRR5827365,11
SRR5827064,11
SRR5827293,9
SRR5827255,9
SRR5827233,11
SRR5827296,11
SRR5827129,9
SRR5827213,9
SRR5827029,11
SRR5827303,9
SRR5827343,11
SRR5827186,9
SRR5827337,11
SRR5827395,9
SRR5827034,11
SRR5827124,11
SRR5827075,9
SRR5827348,9
SRR5827089,9
SRR5827370,9
SRR5827026,9
SRR5827394,11
SRR5827116,9
SRR5827322,11
SRR5827240,9
SRR5827265,11
SRR5827113,11
SRR5827374,11
SRR5827205,11
SRR5827156,11
SRR5827320,11
SRR5827196,11
SRR5827328,11
SRR5827088,11
SRR5827168,11
SRR5827275,9
SRR5827256,11
SRR5827147,11
SRR5827068,9
SRR5827397,11
SRR5827044,11
SRR5827143,9
SRR5827235,9
SRR5827052,11
SRR5827366,9
SRR5827114,11
SRR5827083,11
SRR5827057,9
SRR5827175,11
SRR5827212,9
SRR5827222,9
SRR5827386,11
SRR5827219,11
SRR5827128,11
SRR5827325,9
SRR5827223,11
SRR5827126,9
SRR5827402,11
SRR5827081,9
SRR5827080,11
SRR5827111,11
SRR5827039,11
SRR5827061,9
SRR5827347,11
SRR5827024,9
SRR5827215,9
SRR5827077,11
SRR5827379,9
SRR5827252,9
SRR5827401,9
SRR5827132,11
SRR5827342,11
SRR5827399,9
SRR5827384,9
SRR5827093,11
SRR5827225,11
SRR5827169,11
SRR5827155,11
SRR5827278,11
SRR5827411,9
SRR5827354,9
SRR5827324,9
SRR5827022,11
SRR5827218,11
SRR5827294,9
SRR5827090,11
SRR5827369,11
SRR5827210,9
SRR5827301,11
SRR5827040,9
SRR5827376,11
SRR5827313,9
SRR5827344,11
SRR5827385,11
SRR5827151,9
SRR5827406,11
SRR5827035,9
SRR5827045,9
SRR5827268,11
SRR5827109,11
SRR5827207,9
SRR5827279,11
SRR5827360,9
SRR5827407,11
SRR5827033,11
SRR5827224,9
SRR5827398,11
SRR5827192,11
SRR5827173,9
SRR5827270,11
SRR5827198,11
SRR5827071,11
SRR5827341,11
SRR5827179,11
SRR5827264,9
SRR5827194,11
SRR1661165,11
SRR1661182,11
SRR1661312,11
SRR1661329,11
SRR1661283,11
SRR1661157,11
SRR1661155,11
SRR1661298,11
SRR1661243,11
SRR1661322,11
SRR1661167,11
SRR1661181,11
SRR1661248,11
SRR1661163,11
SRR1661187,11
SRR1661264,9
SRR1661272,11
SRR1661250,11
SRR2736095,11
SRR2736107,11
SRR2736127,11
SRR2736112,11
SRR2736144,11
SRR2736152,11
SRR2736104,11
SRR2736139,11
SRR2736123,11
SRR2736093,11
SRR2736108,11
SRR2736243,11
SRR2736094,11
SRR2736099,11
SRR2736097,11
SRR2736205,11
SRR2736280,11
SRR2736117,11
SRR2736120,11
SRR2736098,11
SRR2736100,11
SRR2736262,11
SRR2736261,11
SRR2736109,11
SRR2736103,11
SRR2736106,11
SRR2736156,11
SRR2736126,11
SRR2736273,11
SRR2736157,11
SRR2736122,11
SRR2736125,11
SRR2736274,11
SRR2736128,11
SRR2736116,11
SRR2736115,11
SRR2736175,11
SRR2736145,11
SRR2736113,11
SRR2736102,11
SRR2736105,11
SRR2736257,11
SRR2736121,11
SRR2736167,11
SRR2736153,11
SRR2736101,11
SRR2736119,11
FA6140,11
25818_2#34,9
25818_2#199,11
25825_2#10,11
25818_2#257,9
25818_2#213,11
25818_3#367,9
25818_3#246,9
25818_3#255,11
25818_2#296,11
25818_3#298,11
25825_2#191,9
21242_3#27,11
21242_3#39,11
25825_2#37,11
21242_4#131,9
17966_3#44,9
21242_3#172,11
21242_3#120,11
17966_3#14,10
25825_2#124,11
25818_3#324,11
17966_3#17,9
21242_3#49,11
21242_3#51,11
25818_2#264,11
21242_3#155,11
25818_3#289,11
21242_4#33,11
25818_3#244,11
21242_4#75,11
25818_3#346,11
25818_3#280,9
21242_3#65,11
25825_2#103,11
25818_2#6,9
25818_3#279,9
17966_3#43,11
21242_4#80,11
25825_2#172,9
25825_2#129,10
21242_3#2,11
25818_2#206,9
25818_3#276,11
17966_3#30,9
21242_3#14,11
21242_4#63,11
25825_2#104,11
21242_3#115,9
21242_3#184,11
17966_3#45,11
21242_3#50,11
17966_3#19,10
21242_3#185,11
21242_4#101,11
17966_3#13,10
25825_2#171,11
21242_3#42,11
21242_4#48,9
21242_3#139,9
17966_3#21,11
21242_3#76,9
25825_2#7,9
25825_2#169,11
25825_2#71,11
25818_2#28,9
25825_2#23,11
21242_4#88,11
25818_2#237,11
21242_4#40,10
21242_3#30,11
25818_2#14,9
21242_4#92,9
25818_2#294,11
21242_3#38,9
25818_3#247,11
17966_3#37,11
17966_3#36,10
21242_3#66,9
25825_2#128,10
21242_4#51,11
25818_2#47,9
21242_3#150,10
25825_2#87,10
21242_4#25,9
21242_4#39,11
21242_4#66,9
21242_3#71,11
25818_2#260,11
17966_3#20,10
21242_3#41,11
21242_3#32,11
25818_3#308,9
25818_2#45,11
25825_2#100,9
25825_2#188,10
25818_3#249,9
21242_3#53,9
21242_3#152,11
21242_4#58,11
21242_3#86,11
25818_3#291,11
25825_2#21,11
21242_4#65,11
21242_3#78,10
21242_4#43,11
25825_2#4,11
25818_2#163,11
21242_3#89,10
25818_2#322,9
21242_4#27,11
25818_3#290,9
21242_4#32,11
25825_2#114,11
25818_2#170,11
21242_3#61,11
25818_2#310,9
25818_2#212,9
25825_2#5,11
17966_3#51,11
25818_2#42,9
21242_3#189,11
21242_3#74,11
25818_3#344,9
25825_2#79,11
21242_4#13,11
25818_2#25,11
25818_2#236,11
25818_3#359,11
21242_3#22,11
25825_2#106,11
25825_2#58,11
21242_3#29,11
25825_2#144,9
21242_3#149,11
21242_3#117,11
21242_3#31,11
21242_4#12,11
25818_2#308,11
25818_3#311,9
25818_2#36,11
25818_2#218,9
25818_3#239,11
25818_2#245,11
25818_2#166,11
21242_4#67,11
21242_4#125,9
21242_4#5,11
25818_3#323,11
25818_3#316,9
21242_3#28,11
17966_3#22,9
17966_3#32,10
25818_2#222,10
25818_2#302,11
25818_2#241,11
21242_3#56,9
21242_4#34,11
25818_2#255,11
25825_2#127,11
21242_4#21,11
25818_2#224,9
25818_3#374,11
25818_2#273,11
21242_4#10,9
25818_2#243,11
25818_3#254,9
25825_2#16,9
25825_2#166,11
17966_3#23,11
21242_3#114,9
21242_3#159,11
21242_4#9,11
25818_2#303,9
21242_4#28,11
25818_3#370,9
ERR363627,9
ERR449486,11
SRR3357194,11
SRR3357186,11
GCGS0441,9
GCGS0465,9
DRR129097,11
DRR129099,11
DRR129095,11
DRR129100,11
DRR129096,11
DRR129098,11
SRR969362,9
ERR1469746,11
ERR1469724,11
ERR1528324,11
SRR5827178,9
SRR5827393,9
SRR5827180,9
SRR5827306,9
SRR5827368,9
SRR5827070,9
SRR5827036,9
SRR5827387,9
SRR5827130,9
SRR5827117,9
SRR5827046,9
SRR5827133,9
SRR5827120,9
SRR5827238,9
SRR5827183,9
SRR5827181,9
SRR5827157,9
SRR5827051,9
SRR5827150,9
SRR1661320,11
25825_2#54,11
25818_3#317,11
25818_2#167,11
25825_2#14,11
21242_4#124,11
21242_3#126,11
25818_3#305,11
25818_2#186,11
25825_2#177,11
21242_3#109,11
25818_2#33,9
25825_2#6,11
25818_2#250,11
21242_4#24,11
25818_2#203,11
ERR388303,9
ERR388302,9
ERR349939,11
ERR363603,9
SRR3360613,9
SRR3360913,9
SRR3361326,9
SRR3360921,9
SRR3360771,9
ERR1555183,9
ERR1560828,9
ERR1528313,9
ERR1528308,9
ERR1549792,9
ERR1549780,9
ERR1555177,9
ERR1560791,9
ERR1469579,9
ERR1469596,9
ERR1528212,9
ERR1549782,9
ERR1560899,9
ERR1560802,9
ERR1555175,9
ERR1469568,9
SRR1661266,9
SRR1661267,9
SRR2736200,9
25818_3#351,11
21485_4#17,9
25825_2#41,11
25818_2#7,11
25818_3#252,11
25818_2#15,11
21485_4#20,11
25818_2#18,11
ERR388398,11
ERR388358,11
ERR363653,9
ERR388449,11
ERR388451,11
ERR388300,11
ERR388440,11
ERR449521,11
ERR449481,11
ERR363621,10
ERR388294,10
ERR363606,11
ERR363612,11
ERR449513,11
ERR363587,11
ERR388384,11
ERR363655,11
ERR388421,11
ERR388298,9
ERR349899,11
ERR388364,11
ERR388310,11
ERR349951,11
ERR388316,11
ERR349900,11
ERR363650,10
ERR388404,11
ERR363599,11
ERR388423,11
ERR349948,11
ERR449468,11
ERR388443,11
ERR388450,11
ERR363633,10
ERR363636,10
ERR363578,11
ERR388289,11
ERR449467,11
ERR388431,11
ERR388317,11
ERR363619,10
ERR388361,11
ERR388362,9
ERR349979,9
ERR449469,11
ERR388434,10
ERR388432,11
ERR388355,11
ERR349934,9
ERR388334,11
ERR388391,11
ERR388324,11
SRR3360947,9
SRR3360694,11
SRR3360607,11
SRR3360827,9
SRR3360943,9
SRR3361336,11
SRR3361351,11
SRR3357314,11
SRR3360766,9
SRR3360836,9
SRR3360649,11
SRR3360605,11
SRR3360930,11
SRR3360704,11
SRR3360639,11
SRR3360720,11
SRR3360671,11
SRR3360675,11
SRR3361317,11
SRR3357289,11
SRR3361314,11
SRR3361338,11
SRR3361320,9
SRR3360876,9
SRR3360716,11
SRR3360663,9
SRR3360949,11
SRR3360813,11
SRR3360664,11
SRR3360811,9
SRR3360700,11
GCGS1039,11
GCGS0277,11
GCGS1038,11
GCGS1093,11
GCGS0421,11
GCGS0504,11
GCGS1102,11
GCGS0802,11
GCGS0748,11
GCGS0753,11
GCGS0803,11
GCGS1020,11
GCGS0295,11
GCGS0040,11
GCGS1034,11
GCGS1022,11
GCGS0360,11
GCGS0806,11
GCGS0134,11
GCGS1065,11
GCGS0828,11
GCGS0074,9
GCGS0170,11
GCGS0070,11
GCGS0168,11
GCGS1021,11
GCGS1027,11
GCGS0718,11
GCGS1099,11
GCGS0252,9
GCGS0563,11
GCGS0800,11
GCGS0322,11
GCGS0717,11
GCGS1024,11
GCGS0519,11
GCGS0688,11
GCGS0778,11
GCGS1066,11
GCGS0024,11
GCGS0425,11
GCGS0602,11
GCGS0056,11
GCGS0190,11
GCGS1074,11
GCGS0700,11
GCGS0479,11
GCGS0044,11
GCGS0860,11
GCGS0245,11
GCGS1046,11
GCGS0692,11
GCGS0327,11
GCGS0243,9
GCGS0810,11
GCGS0762,11
GCGS0859,11
GCGS0034,11
GCGS1050,11
GCGS0746,11
GCGS0194,11
GCGS0559,11
GCGS0752,11
GCGS0437,11
GCGS0585,11
GCGS0250,9
GCGS0026,11
GCGS1059,11
GCGS0554,11
GCGS0488,9
GCGS0502,11
GCGS0240,11
GCGS0756,11
GCGS0164,11
GCGS0301,11
GCGS0708,11
GCGS1040,11
GCGS0022,11
GCGS1067,11
GCGS0462,11
GCGS1064,11
GCGS0907,11
GCGS0801,11
GCGS0281,11
GCGS0520,11
GCGS1063,11
GCGS1036,11
GCGS0928,11
GCGS1035,11
GCGS0032,11
GCGS0384,11
GCGS0060,11
GCGS0586,11
GCGS0733,11
GCGS0697,11
GCGS0674,11
GCGS0634,11
GCGS0509,11
ERR2133915,11
ERR2133917,11
ERR2133923,11
ERR2133909,11
ERR2133955,11
ERR2133910,11
ERR2133966,10
ERR2133912,11
ERR2133968,10
ERR2133911,11
ERR2133913,11
ERR2133954,11
ERR2133922,11
ERR2133916,11
ERR2133914,11
ERR2133951,11
ERR2133967,10
ERR2133952,11
ERR2133953,11
ERR2133956,11
DRR129094,11
DRR129102,11
DRR124783,11
DRR124782,11
DRR124860,10
DRR124824,11
DRR129103,11
DRR129090,11
DRR124872,11
DRR124792,11
DRR129093,11
SRR969368,11
SRR969336,11
SRR969379,11
SRR969360,11
SRR969364,11
SRR969376,11
SRR969045,11
ERR1528156,11
ERR1602754,11
ERR1528242,11
ERR1514811,11
ERR1528190,11
ERR1514825,11
ERR1469734,11
ERR1471139,9
ERR1514797,11
ERR1514800,11
ERR1528210,11
ERR1514700,11
ERR1528316,11
ERR1514742,11
ERR1560935,11
ERR1469643,11
ERR1469603,11
ERR1514820,11
ERR1514819,11
ERR1528198,11
ERR1528321,11
ERR1560848,10
ERR1469613,9
ERR1514798,10
ERR1469741,11
ERR1549767,11
ERR1469759,11
ERR1528215,11
ERR1560879,11
ERR1469634,11
ERR1469571,10
ERR1680311,11
ERR1469611,11
ERR1602776,9
ERR1560908,9
ERR1549716,9
ERR1469614,11
ERR1469754,11
ERR1602760,11
ERR1549714,9
ERR1528275,9
ERR1514822,11
ERR1528186,11
ERR1602789,11
ERR1469627,11
ERR1560928,11
ERR1528194,11
ERR1514801,11
ERR1514802,11
ERR1560926,11
ERR1528195,9
ERR1560892,11
ERR1680307,11
ERR1471132,11
ERR1560874,11
ERR1528318,11
ERR1528314,11
ERR1560938,11
ERR1514710,11
ERR1549713,9
ERR1514810,11
ERR1471124,11
ERR1471149,11
ERR1528234,11
ERR1469751,11
ERR1560895,10
ERR1514685,11
ERR1514805,11
ERR1602790,11
ERR1528208,9
ERR1560790,11
ERR1469592,11
SRR5827396,11
SRR5827285,9
SRR5827269,11
SRR5827208,9
SRR5827086,10
SRR5827195,11
SRR5827099,11
SRR5827018,9
SRR1661179,11
SRR1661191,11
SRR1661327,11
SRR1661185,11
SRR1661280,11
SRR1661177,9
SRR1661330,11
SRR1661252,11
SRR1661192,11
SRR1661309,11
SRR1661190,11
SRR1661183,11
SRR1661325,11
SRR2736124,11
SRR2736216,11
SRR2736141,11
SRR2736142,11
SRR2736281,11
SRR2736231,11
SRR2736147,11
SRR2736164,11
MS11,11
25825_2#99,11
17966_3#50,11
25825_2#152,11
21242_3#181,11
21242_3#83,11
25818_2#234,9
21242_4#87,11
25825_2#33,11
21242_3#85,11
21242_3#137,11
25818_3#334,11
21242_3#84,11
17966_3#47,11
17966_3#49,11
25818_2#172,11
17966_3#48,11
25825_2#185,11
ERR388349,11
ERR388308,11
ERR449485,11
ERR388390,11
ERR349886,11
ERR388403,11
ERR363583,11
ERR363601,11
SRR3361341,11
SRR3360674,11
SRR3360651,11
GCGS0483,11
GCGS0346,11
GCGS0333,11
GCGS0639,11
GCGS0398,11
GCGS0833,11
GCGS0050,9
GCGS0114,11
GCGS0313,11
GCGS0319,11
SRR7226378,11
ERR2133962,11
ERR2133976,11
ERR2133961,11
ERR2133978,11
ERR2133960,11
ERR2133977,11
DRR124847,11
DRR124732,11
DRR124841,11
ERR2172263,11
ERR2172268,11
ERR2172278,11
ERR2172297,11
ERR2172257,11
SRR969355,11
ERR1469708,11
ERR1555238,9
ERR1514815,11
ERR1528173,11
ERR1528220,11
ERR1555240,11
ERR1528226,11
ERR1560808,11
ERR1528219,11
ERR1528146,11
ERR1528188,11
ERR1549745,11
ERR1514807,11
ERR1560851,11
ERR1555246,9
ERR1680310,11
ERR1528187,11
ERR1560784,11
ERR1560829,11
ERR1528142,11
ERR1528207,11
ERR1680314,11
ERR1469672,11
ERR1514708,11
SRR5827377,11
SRR5827282,9
SRR5827091,11
SRR5827380,11
SRR5827382,11
SRR1661274,11
SRR2736270,11
25818_2#38,11
25818_2#169,9
25818_2#198,11
25825_2#52,9
25818_2#197,11
21242_3#180,9
25818_3#357,11
25825_2#62,9
25818_3#378,11
25825_2#159,9
25818_2#196,9
21242_4#99,11
25818_3#293,11
25825_2#13,9
25818_3#272,9
17966_3#28,11
21242_3#48,11
21242_3#35,11
ERR349967,9
ERR349929,11
ERR349930,11
ERR349928,11
GCGS0474,9
ERR1560797,9
SRR2736174,9
ERR388448,11
ERR388445,10
ERR485166,11
ERR363643,11
ERR349926,11
ERR363577,10
ERR388447,11
ERR349970,11
SRR3357157,10
GCGS0253,9
GCGS0501,11
GCGS0154,10
GCGS0512,11
GCGS0184,10
GCGS0517,10
GCGS0015,10
GCGS0471,10
GCGS0513,10
GCGS0845,9
SRR7226404,10
DRR124890,10
SRR969337,11
SRR969393,10
ERR1514753,10
ERR1602770,10
ERR1528189,10
ERR1469731,10
ERR1528265,10
ERR1549688,10
ERR1514767,10
ERR1469664,10
ERR1560951,10
ERR1528235,10
ERR1514768,10
ERR1602784,10
ERR1469654,10
ERR1469715,10
ERR1514781,10
ERR1528330,10
ERR1560871,10
ERR1528263,10
ERR1514682,10
ERR1528184,10
ERR1549699,10
ERR1528239,10
ERR1471126,10
SRR5827188,10
SRR5827136,10
SRR5827335,10
SRR5827334,10
SRR5827286,10
SRR5827137,10
SRR5827019,10
SRR5827072,10
SRR5827232,10
SRR5827330,10
SRR5827174,10
SRR5827209,10
SRR5827191,10
SRR5827094,10
SRR5827062,10
SRR5827054,10
SRR5827069,10
SRR5827027,10
SRR5827164,10
SRR5827314,10
SRR5827260,10
SRR5827381,10
SRR5827290,10
SRR5827413,10
SRR5827371,10
SRR5827243,10
SRR5827189,10
SRR5827165,10
SRR5827284,10
SRR5827162,10
SRR5827244,10
SRR1661156,11
SRR1661154,11
SRR2736151,11
21242_3#16,10
21242_3#15,10
25818_3#382,10
25825_2#175,10
21242_3#166,10
21242_3#18,10
21242_3#44,11
21242_3#165,10
25825_2#32,10
21242_3#128,10
ERR388412,11
ERR449466,11
ERR388454,11
SRR7226388,11
DRR124854,11
DRR124801,11
DRR124800,11
ERR2172261,11
ERR2172264,11
SRR969341,9
ERR1560778,11
ERR1514686,11
ERR1560948,11
ERR1528309,9
SRR5827283,11
SRR1661285,9
SRR1661255,9
SRR1661256,9
21485_4#28,11
17966_3#34,9
21242_3#94,11
25818_2#270,11
GCGS1085,11
GCGS0487,11
ERR449512,10
ERR388429,11
ERR388446,10
ERR388438,10
ERR449505,10
SRR3360703,11
ERR1560852,11
ERR1469749,11
ERR1560859,10
SRR5827361,11
SRR1661214,11
SRR2736129,11
25818_3#258,10
25818_3#268,10
21242_4#68,10
25818_2#35,10
ERR388437,11
ERR388306,9
ERR388452,11
SRR3361324,11
GCGS1061,11
GCGS0078,11
GCGS0222,11
GCGS1015,11
ERR1514833,11
ERR1528161,11
SRR1661193,11
SRR1661174,11
ERR388290,11
ERR363644,11
ERR449500,10
ERR388418,11
ERR363610,10
SRR3360991,10
SRR3360872,10
SRR3360967,10
SRR3360936,10
GCGS0431,10
GCGS0200,10
GCGS0304,10
GCGS0562,10
GCGS0449,10
GCGS0870,10
DRR124753,10
ERR1514796,10
ERR1469743,10
ERR1680308,10
ERR1528264,10
ERR1555185,10
ERR1602775,10
ERR1680317,10
ERR1514680,11
ERR1514679,11
ERR1469605,10
ERR1469748,10
ERR1555158,10
ERR1514740,11
ERR1469723,10
ERR1560878,10
ERR1469607,10
ERR1469587,10
ERR1602786,10
ERR1469728,10
ERR1528248,10
ERR1514733,11
ERR1549702,10
ERR1469615,10
ERR1555159,10
ERR1514761,10
ERR1514736,11
ERR1514744,11
ERR1549693,10
ERR1471134,10
ERR1528136,10
ERR1560872,10
ERR1514752,10
ERR1514678,10
ERR1680320,10
ERR1469732,10
ERR1555203,10
ERR1469589,10
ERR1514738,11
ERR1764360,10
ERR1469711,10
ERR1471128,10
ERR1469622,10
ERR1469718,10
ERR1555174,10
ERR1602796,10
ERR1555180,10
ERR1528134,10
SRR5827258,10
SRR5827329,10
SRR5827226,10
SRR5827291,10
SRR5827248,10
SRR1661263,11
SRR2736154,11
SRR2736149,10
25818_2#5,10
25818_2#286,10
25825_2#63,10
21242_4#22,10
21242_3#17,10
25825_2#53,10
25818_2#284,10
21242_4#111,10
21242_4#100,10
25818_2#202,10
25818_3#314,10
21242_3#167,10
25825_2#18,10
25818_2#41,10
25818_3#251,10
25818_3#321,10
25825_2#86,10
25818_3#337,10
ERR363635,10
SRR1661317,11
GCGS0072,10
GCGS0330,10
ERR1680298,11
ERR1555225,11
SRR1661153,11
SRR2736213,10
25818_2#226,10
SRR2736201,9
25818_3#354,9
GCGS0116,11
GCGS0206,11
ERR449516,10
ERR449510,10
ERR388371,10
ERR388367,10
ERR388400,10
ERR388336,10
ERR449457,10
ERR1549770,10
ERR1549773,10
ERR349976,10
ERR2172308,8
ERR449489,10
ERR449487,10
ERR449488,10
ERR349936,10
ERR349923,10
ERR1602768,10
ERR1602791,10
ERR1560887,10
ERR1560833,10
ERR1469736,11
ERR1549677,10
GCGS0083,8
GCGS0084,8
GCGS0998,8
GCGS0997,8
GCGS0996,8
GCGS0986,8
GCGS0915,8
GCGS0995,8
GCGS0984,8
25825_2#113,5
SRR2736118,5
SRR7226377,8
ERR1555233,8
ERR1528254,8
ERR1514731,8
ERR1560803,8
ERR1560902,5
ERR1560913,5
ERR1560901,5
GCGS0228,5
GCGS0665,5
DRR124705,8
GCGS0350,8
ERR1514732,11
ERR1469635,11
ERR1528301,11
ERR1560799,10
ERR1469629,11
ERR1560824,11
ERR1560815,9
ERR1560830,9
SRR5827060,7
SRR5827242,7
ERR1469560,11
SRR2736301,7
SRR5827138,7
ERR1560807,11
GCGS0282,5
GCGS0290,5
ERR1560838,9
ERR1471121,9
ERR1560775,9
GCGS0352,6
ERR1514749,11
ERR1560949,11
ERR1560940,11
ERR1560917,11
ERR1560925,10
ERR1514745,11
25818_3#296,6
SRR7226394,6
ERR2172259,6
DRR117994,8
DRR117995,8
ERR388338,12
ERR1528139,1
ERR349905,6
GCGS0275,6
GCGS0249,6
GCGS0374,6
GCGS0276,6
SRR969382,6
SRR1661331,6
ERR1560877,4
ERR1555248,4
ERR1560800,4
ERR1528200,4
ERR1560793,4
ERR1528310,4
ERR1560827,4
ERR1560785,4
ERR1560786,4
ERR1560882,4
ERR1560810,4
ERR1560845,4
ERR1555205,4
ERR1528299,4
ERR1560819,4
21242_4#109,4
SRR2736135,12
ERR1560889,1
SRR2736268,1
SRR2736300,1
SRR2736299,1
SRR2736306,1
SRR2736250,1
ERR349918,6
GCGS0623,12
ERR1469636,1
25825_2#70,1
21485_4#38,1
ERR1471119,1
ERR1469563,1
ERR1560831,4
ERR388386,1
ERR349894,1
ERR388299,1
ERR388395,1
SRR3360746,1
SRR3360745,1
SRR3357077,1
SRR3357264,1
SRR3360642,1
SRR3360689,1
SRR3360710,1
SRR3357160,1
SRR3360706,1
SRR3360650,1
GCGS0552,1
GCGS0582,1
GCGS0126,1
GCGS0661,1
GCGS0545,1
GCGS0230,1
GCGS0807,1
GCGS0354,1
GCGS0696,1
GCGS0372,1
GCGS0098,1
GCGS0670,1
GCGS0198,1
GCGS0787,1
GCGS0544,1
GCGS0657,1
GCGS0584,1
GCGS0110,1
GCGS0789,1
GCGS0593,1
GCGS0455,1
GCGS0401,1
GCGS0669,1
GCGS0467,1
GCGS0643,1
GCGS0361,1
GCGS0478,1
GCGS0436,1
GCGS0379,1
GCGS0681,1
GCGS0218,1
GCGS0477,1
GCGS0660,1
GCGS0120,1
GCGS0645,1
GCGS0226,1
GCGS0564,1
GCGS0224,1
GCGS0338,1
GCGS0433,1
GCGS0857,1
GCGS0468,1
GCGS0192,1
GCGS0316,1
GCGS0550,1
GCGS0096,1
GCGS0371,1
GCGS0202,1
GCGS0482,1
GCGS0518,1
GCGS0698,1
GCGS0018,1
GCGS0156,1
GCGS0458,1
GCGS0516,1
GCGS0204,1
GCGS0644,1
GCGS0732,1
GCGS0485,1
GCGS0638,1
GCGS0484,1
GCGS0332,1
GCGS0476,1
GCGS0378,1
GCGS0583,1
GCGS0694,1
GCGS0174,1
GCGS0560,1
GCGS0827,1
SRR7226415,1
SRR7226392,1
SRR7226399,1
ERR2133985,1
ERR2133981,1
ERR2133940,1
ERR2133930,1
ERR2133941,1
ERR2133982,1
ERR2133979,1
ERR2133983,1
ERR2133929,1
ERR2133984,1
ERR2133980,1
DRR124821,1
DRR124822,1
DRR124721,1
DRR124807,1
DRR124736,1
DRR124848,1
ERR1514790,1
ERR1549682,1
ERR1514834,1
ERR1555190,1
ERR1560812,1
ERR1560900,1
ERR1549791,1
ERR1469677,1
ERR1469656,1
ERR1514757,1
ERR1528303,1
ERR1514764,1
ERR1549786,1
ERR1469645,1
ERR1469729,1
ERR1528206,1
ERR1528302,1
ERR1514828,1
ERR1560854,1
ERR1528260,1
ERR1560880,1
ERR1528293,1
ERR1514746,1
ERR1528205,1
ERR1469566,1
ERR1555193,1
ERR1549696,1
ERR1549741,1
ERR1549712,1
ERR1514722,1
ERR1469646,1
ERR1602777,1
ERR1469666,1
ERR1560952,1
ERR1514775,1
ERR1560907,1
ERR1528179,1
ERR1602788,1
ERR1549710,1
ERR1560844,1
ERR1528298,1
ERR1528164,1
ERR1471148,1
ERR1469574,1
ERR1528312,1
ERR1555182,1
ERR1555249,1
ERR1469675,1
ERR1514696,1
ERR1560922,1
ERR1514786,1
ERR1514787,1
ERR1602795,1
ERR1555230,1
ERR1680316,1
ERR1555160,1
ERR1549761,1
ERR1528257,1
ERR1528287,1
ERR1555216,1
ERR1560789,1
ERR1549715,1
ERR1469670,1
ERR1528258,1
ERR1602772,1
ERR1555234,1
ERR1555161,1
ERR1549686,1
ERR1555235,1
ERR1469567,1
ERR1469583,1
ERR1621696,1
ERR1528251,1
ERR1549759,1
ERR1528244,1
ERR1555219,1
ERR1514760,1
ERR1528181,1
ERR1621698,1
ERR1528230,1
ERR1555215,1
ERR1514727,1
ERR1555208,1
ERR1528166,1
ERR1560930,1
ERR1528332,1
ERR1528307,1
ERR1560896,1
ERR1549742,1
ERR1469710,1
ERR1560934,1
ERR1469730,1
ERR1555162,1
ERR1514758,1
ERR1555236,1
ERR1549764,1
ERR1560881,1
ERR1555211,1
ERR1528204,1
ERR1514792,1
ERR1555245,1
ERR1555188,1
ERR1514774,1
ERR1528162,1
ERR1469667,1
ERR1469561,1
ERR1469740,1
ERR1469726,1
ERR1471147,1
ERR1469644,1
ERR1469623,1
ERR1514741,1
ERR1680318,1
ERR1555242,1
SRR5827388,1
SRR5827172,1
SRR5827280,1
SRR5827308,1
SRR5827227,1
SRR5827170,1
SRR5827302,1
SRR5827363,1
SRR5827355,1
SRR5827199,1
SRR5827295,1
SRR5827263,1
SRR5827249,1
SRR5827408,1
SRR5827203,1
SRR5827073,1
SRR5827085,1
SRR5827171,1
SRR5827404,1
SRR5827336,1
SRR5827262,1
SRR5827254,1
SRR5827323,1
SRR5827028,1
SRR5827405,1
SRR5827281,1
SRR5827146,1
SRR5827392,1
SRR5827041,1
SRR5827338,1
SRR5827266,1
SRR5827362,1
SRR5827375,1
SRR5827104,1
SRR5827253,1
SRR5827038,1
SRR5827333,1
SRR5827364,1
SRR5827356,1
SRR5827142,1
SRR5827056,1
SRR5827378,1
SRR5827367,1
SRR5827259,1
SRR5827211,1
SRR5827345,1
SRR5827053,1
SRR5827400,1
SRR5827220,1
SRR5827037,1
SRR5827390,1
SRR5827273,1
SRR5827159,1
SRR5827250,1
SRR5827020,1
SRR5827298,1
SRR5827357,1
SRR5827127,1
SRR5827346,1
SRR5827021,1
SRR5827206,1
SRR5827297,1
SRR5827359,1
SRR5827110,1
SRR5827139,1
SRR5827410,1
SRR5827105,1
SRR1661218,1
SRR1661261,1
SRR1661211,1
SRR1661313,1
SRR1661281,1
SRR2736240,1
SRR2736196,1
SRR2736202,1
SRR2736251,1
SRR2736197,1
SRR2736221,1
SRR2736219,1
SRR2736206,1
SRR2736234,1
SRR2736239,1
SRR2736217,1
SRR2736233,1
SRR2736190,1
SRR2736181,1
SRR2736238,1
SRR2736189,1
SRR2736208,1
SRR2736237,1
SRR2736192,1
SRR2736252,1
SRR2736235,1
SRR2736211,1
SRR2736210,1
SRR2736195,1
SRR2736191,1
SRR2736207,1
SRR2736236,1
SRR2736194,1
21242_4#50,1
25825_2#30,1
25818_2#320,1
21242_3#173,1
25818_2#315,1
25818_2#227,1
25818_2#258,1
17966_3#39,1
21242_4#20,1
21242_3#79,1
25825_2#119,1
25825_2#150,1
25818_2#281,1
25825_2#178,1
25825_2#76,1
25818_3#376,1
25818_3#297,1
21242_3#57,1
21242_3#161,1
25818_3#371,1
25818_3#270,1
25818_3#339,1
25818_2#40,1
21242_3#88,1
21242_3#68,1
25818_3#273,1
25825_2#27,1
25818_3#328,1
25818_3#304,1
25818_3#303,1
25818_3#229,1
25818_2#244,1
25818_3#245,1
25818_2#268,1
25825_2#75,1
25825_2#28,1
21242_3#80,1
25818_3#283,1
25825_2#98,1
21242_4#108,1
25818_2#252,1
25818_3#333,1
25818_2#280,1
21242_3#58,1
25825_2#142,1
25818_3#301,1
17966_3#52,1
25818_3#312,1
25818_3#319,1
25818_2#205,1
25818_2#300,1
25818_3#225,1
21242_3#36,1
25818_3#336,1
21242_4#46,1
25825_2#20,1
25818_3#320,1
25825_2#183,1
21242_3#119,1
25818_2#299,1
21485_4#22,1
25818_2#37,1
25818_2#175,1
21242_3#163,1
21242_4#84,1
25818_2#173,1
21242_3#116,1
21242_3#177,1
25825_2#38,1
21242_3#124,1
25825_2#29,1
21485_4#29,1
25818_2#11,1
25825_2#107,1
25818_3#330,1
25818_3#300,1
21242_4#128,1
25818_3#325,1
21242_3#21,1
21242_4#49,1
17966_3#25,1
25825_2#149,1
25818_2#316,1
25818_2#269,1
25818_2#287,1
25818_2#288,1
21242_3#151,1
25818_3#261,1
25818_3#248,1
21242_4#52,1
25825_2#68,1
25825_2#160,1
25818_3#348,1
25818_2#319,1
25818_2#291,1
25825_2#47,1
25818_3#345,1
21242_3#135,1
25818_2#295,1
25825_2#109,1
25818_3#343,1
21242_3#182,1
21242_4#106,1
25825_2#153,1
25818_3#352,1
21242_3#106,1
21485_4#36,1
21242_3#26,1
21242_3#60,1
21242_4#4,1
25818_2#292,1
25825_2#117,1
21242_4#90,1
21242_3#142,1
25825_2#25,1
21242_3#100,1
25825_2#42,1
21242_4#55,1
25825_2#26,1
25818_2#282,1
25825_2#49,1
25825_2#116,1
25825_2#19,1
25825_2#81,1
25818_3#326,1
25818_3#341,1
25818_2#193,1
25818_2#200,1
25818_2#289,1
21242_3#95,1
25818_3#373,1
25818_2#32,1
21242_3#183,1
25818_2#30,1
25818_2#22,1
25825_2#45,1
25818_3#286,1
25818_2#317,1
25818_2#323,1
17966_3#38,1
GCGS0422,1
GCGS0747,1
GCGS0426,1
ERR1555164,1
ERR1555243,1
ERR1555247,1
SRR2736242,1
SRR2736225,1
SRR2736212,1
25825_2#145,1
25818_2#313,1
21485_4#25,1
21242_3#69,1
25818_2#201,1
25825_2#140,1
25825_2#102,1
25818_3#257,1
25818_2#191,1
21242_3#9,1
25818_2#318,1
21242_3#62,1
21242_4#107,1
25818_3#299,1
21242_4#96,1
21242_4#82,1
25825_2#137,1
25825_2#136,1
21242_4#30,1
25818_3#327,1
25825_2#2,1
GCGS0298,12
GCGS0296,12
GCGS0297,12
GCGS0642,1
GCGS0701,1
ERR1621697,1
ERR1621699,1
SRR5827403,1
SRR5827082,1
SRR5827372,1
ERR1514747,1
21242_3#87,1
21242_4#130,1
GCGS0641,1
SRR2736188,1
GCGS0273,12
GCGS0525,12
GCGS0604,12
GCGS0745,12
SRR3360640,3
ERR2133933,3
ERR2133935,3
ERR2133934,3
ERR2133936,3
SRR2736159,3
SRR2736305,3
SRR2736271,3
SRR2736304,3
SRR2736269,3
SRR2736294,3
SRR2736272,3
SRR2736293,3
SRR2736298,3
ERR1555237,12
25818_3#363,12
GCGS0834,12
ERR1560814,12
ERR1560849,12
GCGS0481,12
GCGS0575,2
GCGS0402,2
GCGS0497,2
GCGS0403,2
GCGS0522,2
GCGS0611,2
GCGS0355,2
GCGS0658,2
GCGS0406,2
GCGS0404,2
GCGS0587,2
GCGS0574,2
GCGS0405,2
SRR7226413,2
SRR7226416,2
SRR7226410,2
21242_3#140,2
17966_3#11,2
21242_3#145,2
21242_3#157,2
21242_3#147,2
25818_3#332,2
ERR1560942,1
ERR1528256,1
ERR1528270,1
GCGS0176,1
GCGS0118,1
ERR1528246,1
SRR2736256,12
SRR2736290,12
SRR2736249,12
SRR2736275,12
SRR2736255,12
GCGS0138,12
GCGS0128,12
GCGS0038,12
GCGS0136,12
SRR2736253,12
