FA1090,14
ERR388323,14
ERR363579,14
ERR449525,14
ERR349961,14
ERR349925,14
ERR388339,14
ERR388346,14
ERR388446,14
ERR449514,14
ERR388368,14
ERR349978,14
ERR388372,14
ERR388438,14
ERR349910,14
SRR3360647,14
SRR3361308,14
SRR3360854,14
SRR3360729,14
SRR3361313,14
SRR3360654,14
SRR3360737,14
SRR3360608,14
SRR3361318,14
GCGS0579,14
GCGS0248,14
GCGS0200,14
GCGS0304,14
GCGS0307,14
GCGS0348,14
GCGS0439,14
DRR124797,14
DRR124703,14
DRR124837,14
DRR124790,14
DRR124893,14
DRR124749,14
DRR124781,14
DRR124704,14
DRR124779,14
DRR124722,14
DRR124789,14
DRR124791,14
DRR124702,14
DRR124886,14
DRR124750,14
DRR124756,14
ERR1528156,14
ERR1555206,14
ERR1555199,14
ERR1514735,14
ERR1514843,14
ERR1549703,14
ERR1560883,14
ERR1514730,14
ERR1549771,14
ERR1549705,14
ERR1549776,14
ERR1560801,14
ERR1514674,14
ERR1514681,14
ERR1560873,14
ERR1514750,14
ERR1469693,14
ERR1602791,14
ERR1528140,14
ERR1469671,14
ERR1555214,14
ERR1469682,14
ERR1514676,14
ERR1555197,14
ERR1560909,14
ERR1514728,14
ERR1555207,14
ERR1602762,14
ERR1514723,14
ERR1469694,14
ERR1514729,14
ERR1555218,14
ERR1602789,14
ERR1560856,14
ERR1528149,14
ERR1514734,14
ERR1469683,14
ERR1555200,14
ERR1514719,14
ERR1560797,14
ERR1514737,14
ERR1602765,14
ERR1549775,14
ERR1514726,14
SRR5827101,14
SRR5827023,14
SRR5827340,14
SRR5827066,14
SRR5827128,14
SRR5827167,14
SRR5827049,14
SRR1661318,14
SRR1661236,14
SRR1661171,14
21242_3#13,14
21242_3#125,14
25825_2#180,14
25825_2#133,14
21242_3#103,14
25818_2#321,14
25818_2#262,14
21485_4#19,14
25825_2#135,14
21242_3#104,14
ERR349952,14
ERR388371,14
ERR449482,14
ERR388400,14
ERR388319,14
ERR349945,14
ERR388320,14
ERR388336,14
SRR3360735,14
SRR3360665,14
SRR3360890,14
GCGS1028,14
DRR117966,14
DRR117976,14
DRR117969,14
DRR117977,14
ERR1528195,14
ERR1528208,14
SRR5827067,14
SRR5827353,14
SRR1661319,14
SRR1661159,14
SRR1661264,14
SRR1661289,14
25818_2#4,14
25825_2#120,14
21242_4#117,14
GCGS0526,14
GCGS0357,14
ERR1549769,14
ERR1549779,14
ERR1555209,14
ERR1528125,14
ERR1549789,14
SRR1661162,14
25818_2#208,14
21242_3#93,14
25818_2#216,14
25818_3#238,14
ERR449480,14
SRR5827134,14
ERR388284,8
ERR388298,8
ERR388322,8
ERR388376,8
ERR388377,8
ERR485168,8
ERR349898,8
ERR388345,8
ERR388306,8
ERR349956,8
ERR449484,8
ERR388402,8
ERR349937,8
ERR388321,8
ERR388362,8
ERR388342,8
ERR349942,8
ERR349932,8
ERR349934,8
ERR388356,8
ERR388375,8
SRR3360947,8
SRR3361345,8
SRR3360827,8
SRR3360943,8
SRR3360766,8
SRR3360687,8
SRR3361343,8
SRR3360722,8
SRR3360683,8
SRR3360705,8
SRR3361320,8
SRR3360715,8
SRR3360663,8
SRR3360811,8
SRR3361350,8
GCGS0253,8
GCGS0255,8
GCGS0252,8
GCGS0263,8
GCGS0243,8
GCGS0250,8
GCGS0488,8
GCGS0453,8
SRR969387,8
SRR969381,8
SRR969377,8
ERR1471120,8
ERR1514725,8
ERR1469608,8
ERR1514791,8
ERR1514839,8
ERR1528170,8
ERR1549738,8
ERR1514841,8
ERR1549709,8
ERR1471119,8
ERR1549707,8
ERR1514706,8
ERR1528240,8
ERR1528148,8
ERR1560911,8
ERR1514842,8
ERR1514777,8
ERR1528174,8
ERR1528182,8
ERR1560894,8
ERR1560843,8
ERR1549701,8
ERR1528325,8
ERR1514695,8
ERR1555194,8
ERR1528154,8
ERR1469573,8
ERR1528269,8
ERR1469747,8
ERR1528178,8
ERR1549680,8
ERR1514778,8
ERR1469578,8
ERR1528324,8
ERR1560809,8
ERR1471140,8
ERR1514832,8
ERR1514770,8
ERR1469599,8
ERR1528165,8
ERR1549751,8
ERR1549748,8
ERR1560870,8
ERR1528241,8
ERR1469733,8
ERR1528176,8
ERR1549753,8
ERR1549721,8
ERR1549750,8
ERR1514769,8
ERR1528157,8
ERR1680313,8
SRR5827187,8
SRR1661275,8
SRR1661324,8
SRR1661177,8
21242_3#132,8
17966_3#14,8
21242_4#1,8
21242_3#122,8
25825_2#129,8
25825_2#1,8
25818_2#223,8
25825_2#179,8
17966_3#19,8
17966_3#13,8
25818_3#361,8
21242_4#40,8
21242_3#133,8
17966_3#36,8
25825_2#128,8
21242_3#150,8
25825_2#87,8
17966_3#20,8
25825_2#188,8
25818_2#17,8
25825_2#48,8
21242_3#78,8
21242_3#89,8
25818_2#210,8
25818_2#31,8
17966_3#32,8
25818_2#188,8
25818_2#222,8
21242_3#128,8
25818_3#318,8
SRR3360677,8
ERR1514782,8
ERR1602774,8
SRR1661295,8
SRR2736218,8
SRR2736289,8
25825_2#77,8
SRR1661316,8
ERR388398,17
ERR449500,17
ERR349887,17
ERR349962,17
ERR388449,17
ERR449492,17
ERR388436,17
ERR388451,17
ERR449487,17
ERR388441,17
ERR363623,17
ERR449488,17
ERR388359,17
ERR363627,17
ERR388445,17
ERR388294,17
ERR388394,17
ERR388318,17
ERR388418,17
ERR388453,17
ERR388316,17
ERR449516,17
ERR388442,17
ERR449510,17
ERR363610,17
ERR388452,17
ERR363577,17
ERR449511,17
ERR388422,17
ERR388434,17
ERR388454,17
ERR388291,17
SRR3360991,17
SRR3360872,17
SRR3360772,17
SRR3360851,8
SRR3360667,17
SRR3361346,17
SRR3360637,17
SRR3360774,17
SRR3360713,17
SRR3360967,17
SRR3360615,17
SRR3360936,17
SRR3361340,17
SRR3360846,17
SRR3360644,17
SRR3360634,17
SRR3360681,8
SRR3360629,17
SRR3360970,17
SRR3360983,17
SRR3357289,17
SRR3360984,17
SRR3360727,17
SRR3360893,17
SRR3360980,17
GCGS0277,17
GCGS0154,17
GCGS0843,17
GCGS0020,17
GCGS0504,17
GCGS0295,17
GCGS0279,17
GCGS0333,17
GCGS0517,17
GCGS0419,17
GCGS0208,17
GCGS0370,17
GCGS0214,17
GCGS1101,17
GCGS0450,17
GCGS0369,17
GCGS1046,17
GCGS0330,17
GCGS0498,17
GCGS0610,17
GCGS0585,17
GCGS0489,17
GCGS0438,17
GCGS0562,17
GCGS0220,17
GCGS0112,17
GCGS0624,17
GCGS0281,17
GCGS0515,17
GCGS0652,17
SRR7226404,17
SRR7226419,17
ERR2133909,17
ERR2133924,17
ERR2133910,17
ERR2133896,17
ERR2133912,17
ERR2133911,17
ERR2133926,17
ERR2133925,17
DRR124892,17
DRR124731,17
DRR124710,17
DRR124859,17
DRR124887,17
DRR124851,17
DRR124869,17
DRR124753,17
DRR124867,17
DRR124888,17
DRR117973,17
DRR124695,17
DRR124724,17
DRR124730,17
DRR124795,17
SRR969353,17
ERR1514796,17
ERR1469743,17
ERR1528242,17
ERR1680308,17
ERR1514753,17
ERR1549788,17
ERR1528264,17
ERR1555185,17
ERR1602775,17
ERR1680317,17
ERR1514680,17
ERR1602770,17
ERR1528189,17
ERR1469731,17
ERR1469605,17
ERR1469748,17
ERR1528265,17
ERR1555158,17
ERR1514740,17
ERR1469757,17
ERR1560878,17
ERR1528210,17
ERR1469607,17
ERR1469587,17
ERR1555192,17
ERR1514767,17
ERR1555226,17
ERR1469664,17
ERR1549770,17
ERR1469603,17
ERR1528235,17
ERR1602786,17
ERR1514768,17
ERR1602784,17
ERR1560915,17
ERR1469728,17
ERR1528248,17
ERR1469654,17
ERR1514733,17
ERR1549702,17
ERR1560887,17
ERR1469615,17
ERR1549695,17
ERR1555159,17
ERR1514761,17
ERR1469715,17
ERR1602778,17
ERR1469720,17
ERR1549677,17
ERR1514736,17
ERR1514781,17
ERR1528330,17
ERR1514744,17
ERR1549693,17
ERR1560871,17
ERR1528229,17
ERR1471134,17
ERR1621700,17
ERR1528211,17
ERR1528136,17
ERR1560872,17
ERR1555231,17
ERR1514752,17
ERR1528263,17
ERR1514678,17
ERR1528184,17
ERR1555244,17
ERR1560886,17
ERR1680320,17
ERR1549694,17
ERR1602781,17
ERR1555203,17
ERR1549699,17
ERR1469589,17
ERR1514738,17
ERR1764360,17
ERR1469737,17
ERR1469711,17
ERR1471128,17
ERR1469622,17
ERR1469718,17
ERR1555174,17
ERR1560914,17
ERR1602796,17
ERR1555180,17
ERR1549773,17
ERR1528134,17
ERR1528309,17
ERR1528155,17
SRR5827377,17
SRR5827258,17
SRR5827042,17
SRR5827131,17
SRR5827293,17
SRR5827048,17
SRR5827255,17
SRR5827236,17
SRR5827221,17
SRR5827129,17
SRR5827213,17
SRR5827303,17
SRR5827188,17
SRR5827186,17
SRR5827395,17
SRR5827200,17
SRR5827234,17
SRR5827060,17
SRR5827075,17
SRR5827245,17
SRR5827047,17
SRR5827335,17
SRR5827348,17
SRR5827089,17
SRR5827370,17
SRR5827246,17
SRR5827352,17
SRR5827026,17
SRR5827116,17
SRR5827240,17
SRR5827374,17
SRR5827261,17
SRR5827137,17
SRR5827161,17
SRR5827166,17
SRR5827275,17
SRR5827350,17
SRR5827068,17
SRR5827063,17
SRR5827143,17
SRR5827235,17
SRR5827366,17
SRR5827201,17
SRR5827019,17
SRR5827091,17
SRR5827212,17
SRR5827325,17
SRR5827081,17
SRR5827061,17
SRR5827024,17
SRR5827209,17
SRR5827215,17
SRR5827379,17
SRR5827252,17
SRR5827401,17
SRR5827242,17
SRR5827247,17
SRR5827086,17
SRR5827184,17
SRR5827399,17
SRR5827380,17
SRR5827316,17
SRR5827411,17
SRR5827354,17
SRR5827324,17
SRR5827289,17
SRR5827294,17
SRR5827138,17
SRR5827030,17
SRR5827097,17
SRR5827210,17
SRR5827123,17
SRR5827040,17
SRR5827313,17
SRR5827389,17
SRR5827304,17
SRR5827381,17
SRR5827290,17
SRR5827151,17
SRR5827035,17
SRR5827329,17
SRR5827226,17
SRR5827045,17
SRR5827291,17
SRR5827207,17
SRR5827248,17
SRR5827360,17
SRR5827216,17
SRR5827224,17
SRR5827299,17
SRR5827173,17
SRR5827264,17
SRR2736213,17
SRR2736267,17
25818_2#286,17
21242_3#27,17
25825_2#83,17
21242_3#112,17
25825_2#126,17
25818_2#228,17
25825_2#163,17
25825_2#63,17
21242_4#104,17
25825_2#104,17
21242_3#17,17
25818_2#277,17
21242_4#88,17
21242_4#100,17
21242_3#81,17
25825_2#12,17
21242_3#96,17
25825_2#186,17
21242_4#73,17
25818_2#230,17
21242_3#167,17
21242_4#6,17
25818_2#3,17
25818_3#369,17
25818_2#176,17
21242_3#11,17
25818_3#337,17
ERR363649,17
ERR363616,17
ERR363641,17
ERR363638,17
ERR349929,17
ERR388358,17
ERR449459,17
ERR349939,17
ERR388367,17
ERR349916,17
ERR449481,17
ERR363658,17
ERR363652,17
ERR449458,17
ERR363612,17
ERR485166,17
ERR363655,17
ERR363608,17
ERR388455,17
ERR349899,17
ERR363609,17
ERR388310,17
ERR449491,17
ERR363607,17
ERR349957,17
ERR349930,17
ERR363670,17
ERR363659,17
ERR363576,17
ERR363640,17
ERR388404,17
ERR363647,17
ERR388423,17
ERR349948,17
ERR363643,17
ERR349926,17
ERR349928,17
ERR449468,17
ERR363644,17
ERR388286,17
ERR449461,17
ERR349920,17
ERR388289,17
ERR388396,17
ERR363645,17
ERR388431,17
ERR388317,17
ERR388414,17
ERR388447,17
ERR388361,17
ERR363656,17
ERR363657,17
ERR349970,17
ERR388332,17
ERR349972,17
ERR388355,17
ERR363665,17
ERR388391,17
ERR449457,17
SRR3360694,17
SRR3360607,17
SRR3361336,17
SRR3360883,17
SRR3361324,17
SRR3361351,17
SRR3357314,17
SRR3360981,17
SRR3360926,17
SRR3361332,17
SRR3360649,17
SRR3360605,17
SRR3360930,17
SRR3360704,17
SRR3360653,17
SRR3360639,17
SRR3360720,17
SRR3360671,17
SRR3357229,17
SRR3360675,17
SRR3361317,17
SRR3360810,17
SRR3360716,17
SRR3360949,17
SRR3360813,17
SRR3360664,17
SRR3361322,17
SRR3360700,17
GCGS1039,17
GCGS1061,17
GCGS0679,17
GCGS0735,17
GCGS0116,17
GCGS1038,17
GCGS0648,17
GCGS0768,17
GCGS0421,17
GCGS0786,17
GCGS0325,17
GCGS1102,17
GCGS0802,17
GCGS0270,17
GCGS0512,17
GCGS0359,17
GCGS0803,17
GCGS1020,17
GCGS0336,17
GCGS1017,17
GCGS1076,17
GCGS0324,17
GCGS0727,17
GCGS0668,17
GCGS0040,17
GCGS0541,17
GCGS0358,17
GCGS0134,17
GCGS0347,17
GCGS0486,17
GCGS0787,17
GCGS0790,17
GCGS0598,17
GCGS1065,17
GCGS0828,17
GCGS0737,17
GCGS0170,17
GCGS0412,17
GCGS0168,17
GCGS1014,17
GCGS1021,17
GCGS1027,17
GCGS0536,17
GCGS0738,17
GCGS0442,17
GCGS0569,17
GCGS0718,17
GCGS1099,17
GCGS0782,17
GCGS0561,17
GCGS1075,17
GCGS0206,17
GCGS0709,17
GCGS0546,17
GCGS0651,17
GCGS0671,17
GCGS0867,17
GCGS0819,17
GCGS0407,17
GCGS0723,17
GCGS0724,17
GCGS0831,17
GCGS0824,17
GCGS0865,17
GCGS0800,17
GCGS1055,17
GCGS0615,17
GCGS0812,17
GCGS0287,17
GCGS0418,17
GCGS0389,17
GCGS0717,17
GCGS0765,17
GCGS1024,17
GCGS0064,17
GCGS0769,17
GCGS0326,17
GCGS0791,17
GCGS0688,17
GCGS0784,17
GCGS0078,17
GCGS0729,17
GCGS0366,17
GCGS0142,17
GCGS0778,17
GCGS0846,17
GCGS0573,17
GCGS1066,17
GCGS0616,17
GCGS0365,17
GCGS0607,17
GCGS0672,17
GCGS0663,17
GCGS0619,17
GCGS0539,17
GCGS0602,17
GCGS0056,17
GCGS0190,17
GCGS0749,17
GCGS1074,17
GCGS0700,17
GCGS0647,17
GCGS0399,17
GCGS0542,17
GCGS0362,17
GCGS0612,17
GCGS1013,17
GCGS0327,17
GCGS0810,17
GCGS1043,17
GCGS0762,17
GCGS0736,17
GCGS0566,17
GCGS0306,17
GCGS0481,17
GCGS1044,17
GCGS0830,17
GCGS0728,17
GCGS0859,17
GCGS0172,17
GCGS0766,17
GCGS0714,17
GCGS0646,17
GCGS0605,17
GCGS1050,17
GCGS0150,17
GCGS0576,17
GCGS1045,17
GCGS0559,17
GCGS0752,17
GCGS0855,17
GCGS0408,17
GCGS0580,17
GCGS0459,17
GCGS0026,17
GCGS0328,17
GCGS0713,17
GCGS1059,17
GCGS0397,17
GCGS0734,17
GCGS0364,17
GCGS0825,17
GCGS0502,17
GCGS0240,17
GCGS0756,17
GCGS0164,17
GCGS1015,17
GCGS0555,17
GCGS0680,17
GCGS1040,17
GCGS0318,17
GCGS0022,17
GCGS1067,17
GCGS0565,17
GCGS0682,17
GCGS1064,17
GCGS0907,17
GCGS0801,17
GCGS0457,17
GCGS0393,17
GCGS0537,17
GCGS1063,17
GCGS1036,17
GCGS0702,17
GCGS0866,17
GCGS0794,17
GCGS0928,17
GCGS0777,17
GCGS1035,17
GCGS0826,17
GCGS0572,17
GCGS0614,17
GCGS0586,17
GCGS0309,17
GCGS0594,17
GCGS0697,17
GCGS0674,17
GCGS0630,17
GCGS1097,17
GCGS1047,17
GCGS1095,17
GCGS0655,17
GCGS0845,17
GCGS0726,17
GCGS0251,17
SRR7226406,17
ERR2133923,17
ERR2133907,17
ERR2133906,17
ERR2133955,17
ERR2133908,17
ERR2133976,17
ERR2133954,17
ERR2133928,17
ERR2133922,17
ERR2133978,17
ERR2133927,17
ERR2133905,17
ERR2133949,17
ERR2133950,17
ERR2133951,17
ERR2133952,17
ERR2133977,17
ERR2133953,17
ERR2133956,17
ERR2133897,17
DRR124755,17
DRR124801,17
DRR124800,17
SRR969368,17
SRR969369,17
SRR969343,17
SRR969395,17
SRR969350,17
SRR969344,17
SRR969348,17
SRR969336,17
SRR969391,17
SRR969342,17
SRR969364,17
SRR969367,17
SRR969338,17
SRR969376,17
ERR1602754,17
ERR1560805,17
ERR1514811,17
ERR1528201,17
ERR1528129,17
ERR1549733,17
ERR1549722,17
ERR1528190,17
ERR1602757,17
ERR1549787,17
ERR1469584,17
ERR1528132,17
ERR1514732,17
ERR1549731,17
ERR1514800,17
ERR1560912,17
ERR1560783,17
ERR1514833,17
ERR1549744,17
ERR1514840,17
ERR1514700,17
ERR1469593,17
ERR1560935,17
ERR1528130,17
ERR1549754,17
ERR1471127,17
ERR1469643,17
ERR1514739,17
ERR1469668,17
ERR1549735,17
ERR1549719,17
ERR1549752,17
ERR1549746,17
ERR1560836,17
ERR1549749,17
ERR1514820,17
ERR1528161,17
ERR1602748,17
ERR1528198,17
ERR1514745,17
ERR1528228,17
ERR1549724,17
ERR1528237,17
ERR1560891,17
ERR1469759,17
ERR1528215,17
ERR1560879,17
ERR1469634,17
ERR1469585,17
ERR1469611,17
ERR1528135,17
ERR1528252,17
ERR1560927,17
ERR1469614,17
ERR1528262,17
ERR1469754,17
ERR1602760,17
ERR1528128,17
ERR1528186,17
ERR1528267,17
ERR1471129,17
ERR1549717,17
ERR1469627,17
ERR1560928,17
ERR1555184,17
ERR1528286,17
ERR1528227,17
ERR1528194,17
ERR1514801,17
ERR1469594,17
ERR1514743,17
ERR1528137,17
ERR1549736,17
ERR1560892,17
ERR1680307,17
ERR1471132,17
ERR1549756,17
ERR1528225,17
ERR1528318,17
ERR1560910,17
ERR1549725,17
ERR1528274,17
ERR1528131,17
ERR1549720,17
ERR1560938,17
ERR1560778,17
ERR1514710,17
ERR1549723,17
ERR1560792,17
ERR1471124,17
ERR1560866,17
ERR1555171,17
ERR1471149,17
ERR1555233,17
ERR1549726,17
ERR1560931,17
ERR1469751,17
ERR1560895,17
ERR1514685,17
ERR1514772,17
ERR1560804,17
ERR1602790,17
ERR1560941,17
ERR1549747,17
ERR1469592,17
ERR1555166,17
SRR5827388,17
SRR5827280,17
SRR5827148,17
SRR5827363,17
SRR5827203,17
SRR5827025,17
SRR5827096,17
SRR5827281,17
SRR5827345,17
SRR5827218,17
SRR5827273,17
SRR5827250,17
SRR5827127,17
SRR5827139,17
SRR1661165,17
SRR1661179,17
SRR1661191,17
SRR1661312,17
SRR1661185,17
SRR1661193,17
SRR1661214,17
SRR1661280,17
SRR1661157,17
SRR1661155,17
SRR1661322,17
SRR1661167,17
SRR1661330,17
SRR1661252,17
SRR1661153,17
SRR1661192,17
SRR1661309,17
SRR1661163,17
SRR1661174,17
SRR1661320,17
SRR1661194,17
SRR1661183,17
SRR2736095,17
SRR2736107,17
SRR2736127,17
SRR2736112,17
SRR2736104,17
SRR2736151,17
SRR2736123,17
SRR2736093,17
SRR2736108,17
SRR2736094,17
SRR2736099,17
SRR2736097,17
SRR2736117,17
SRR2736124,17
SRR2736120,17
SRR2736098,17
SRR2736100,17
SRR2736262,17
SRR2736129,17
SRR2736261,17
SRR2736109,17
SRR2736103,17
SRR2736141,17
SRR2736106,17
SRR2736126,17
SRR2736122,17
SRR2736125,17
SRR2736128,17
SRR2736116,17
SRR2736115,17
SRR2736113,17
SRR2736102,17
SRR2736105,17
SRR2736121,17
SRR2736231,17
SRR2736135,17
SRR2736147,17
SRR2736101,17
SRR2736164,17
SRR2736119,17
FA6140,17
25818_3#277,17
25818_3#255,17
25818_2#165,17
25818_2#296,17
25825_2#34,17
25818_3#228,17
25818_3#353,17
25818_3#324,17
21242_3#7,17
21242_3#49,17
25818_3#340,17
25818_2#232,17
25818_2#248,17
25818_2#38,17
25818_3#244,17
25825_2#141,17
21242_4#103,17
25825_2#8,17
25818_3#232,17
25825_2#27,13
21242_3#14,17
25818_2#8,17
21242_3#156,17
25818_3#295,17
25818_3#241,17
21242_3#63,17
21242_3#6,17
25818_2#272,17
25818_2#16,17
25825_2#165,17
21485_4#27,17
25818_3#365,17
25818_2#225,17
25818_3#335,17
25825_2#22,17
25818_3#230,17
25818_2#300,17
25818_2#242,17
21242_3#8,17
21242_4#87,17
25825_2#164,17
25818_2#237,17
25818_3#358,17
25825_2#96,17
21242_4#97,17
25818_2#44,17
25825_2#85,17
25825_2#33,17
25818_3#322,17
25818_2#294,17
25825_2#173,17
25818_2#247,17
25818_3#247,17
25825_2#161,17
25825_2#93,17
25818_2#183,17
21242_3#148,17
17966_3#37,17
21242_3#136,17
21242_4#51,17
17966_3#15,17
21242_4#8,17
25825_2#190,17
25818_2#249,17
25818_2#309,17
25825_2#151,17
21242_3#32,17
25818_3#349,17
21242_4#105,17
25818_2#45,17
17966_3#18,17
25818_3#334,17
21242_3#55,17
25818_2#195,17
25818_2#23,17
25818_2#180,17
21242_3#86,17
25818_3#291,17
25818_2#307,17
21242_4#132,17
21242_4#65,17
21242_4#43,17
25818_3#281,17
25825_2#4,17
21242_3#188,17
21242_4#27,17
17966_3#26,17
21242_4#16,17
25825_2#82,17
25818_2#170,17
25825_2#168,17
21242_3#61,17
17966_3#28,17
21242_4#127,17
21485_4#9,17
25818_3#350,17
21242_4#13,17
25818_2#182,17
25818_2#181,17
25818_2#236,17
25818_3#359,17
25825_2#106,17
25818_2#211,17
17966_3#33,17
21242_3#108,17
21485_4#37,17
21242_3#162,17
25818_2#172,17
21242_3#12,17
25818_2#246,17
21242_3#24,17
25818_2#308,17
25818_2#245,17
25818_3#259,17
25825_2#26,13
21242_4#5,17
21485_4#16,17
21242_3#28,17
25818_2#276,17
25818_3#271,17
25818_2#235,17
25818_2#302,17
21242_4#94,17
25818_3#282,17
25818_2#241,17
21242_4#34,17
21242_4#15,17
21242_3#37,17
25825_2#127,17
21242_4#93,17
25818_3#260,17
25818_2#243,17
21242_3#176,17
25825_2#166,17
25818_2#297,17
25818_3#274,17
21242_4#28,17
21242_4#56,17
25825_2#110,17
21242_4#133,17
21242_3#35,17
ERR349965,17
ERR388448,13
ERR388303,13
ERR388426,13
ERR363581,13
ERR388338,13
ERR388433,13
ERR388285,17
ERR349895,17
ERR388300,17
ERR388440,13
ERR349915,13
ERR388302,13
ERR449521,13
ERR449512,13
ERR388424,13
ERR388439,13
ERR449509,13
ERR363606,13
ERR449513,13
ERR388384,17
ERR388421,17
ERR363635,13
ERR449460,13
ERR363639,13
ERR449508,13
ERR388386,13
ERR349886,13
ERR363625,13
ERR388350,13
ERR388437,13
ERR349951,13
ERR363648,13
ERR388420,13
ERR349894,13
ERR363650,13
ERR388299,13
ERR349905,13
ERR363599,13
ERR449502,13
ERR388428,13
ERR349959,13
ERR388443,13
ERR388450,13
ERR349891,13
ERR363633,13
ERR363636,13
ERR349971,13
ERR449506,13
ERR449467,17
ERR388395,13
ERR363585,17
ERR349979,17
ERR363586,13
ERR388329,13
ERR449505,13
ERR388330,13
ERR388444,13
ERR388334,17
ERR363601,13
ERR388415,13
SRR3360746,13
SRR3361355,13
SRR3360745,13
SRR3360679,13
SRR3357077,13
SRR3360924,13
SRR3360953,13
SRR3360685,13
SRR3360641,17
SRR3360708,13
SRR3360688,13
SRR3357264,13
SRR3360642,13
SRR3360701,13
SRR3360613,13
SRR3360913,13
SRR3360836,17
SRR3360680,17
SRR3360730,13
SRR3360689,13
SRR3361349,13
SRR3360710,13
SRR3360717,13
SRR3360640,13
SRR3357160,13
SRR3360661,13
SRR3360635,13
SRR3360698,17
SRR3360696,13
SRR3360646,13
SRR3360721,17
SRR3360706,13
SRR3360614,17
SRR3361307,13
SRR3360747,13
SRR3360921,13
SRR3361314,17
SRR3360754,13
SRR3360876,17
SRR3360690,13
SRR3360638,13
SRR3361353,13
SRR3360650,13
GCGS0271,13
GCGS0552,13
GCGS0416,13
GCGS0092,13
GCGS1093,13
GCGS0138,13
GCGS0582,13
GCGS0720,13
GCGS0604,13
GCGS0744,17
GCGS0771,13
GCGS0642,13
GCGS0531,13
GCGS0434,13
GCGS0599,17
GCGS0335,17
GCGS0545,13
GCGS0748,17
GCGS0755,17
GCGS0083,13
GCGS0753,17
GCGS0793,17
GCGS0272,13
GCGS0575,13
GCGS0269,13
GCGS0230,13
GCGS0807,13
GCGS1029,17
GCGS0524,13
GCGS0601,13
GCGS0540,13
GCGS0354,13
GCGS0817,17
GCGS0402,13
GCGS0705,13
GCGS0394,13
GCGS0696,13
GCGS0372,13
GCGS1034,13
GCGS1022,13
GCGS0409,13
GCGS0497,13
GCGS0275,13
GCGS0528,13
GCGS0806,17
GCGS0300,13
GCGS0249,13
GCGS0098,13
GCGS1033,13
GCGS0535,13
GCGS0670,13
GCGS0084,13
GCGS0198,13
GCGS0403,13
GCGS0106,13
GCGS0544,13
GCGS0751,13
GCGS1031,13
GCGS0015,17
GCGS0074,13
GCGS0657,13
GCGS0584,13
GCGS0770,17
GCGS0144,13
GCGS0341,13
GCGS0470,13
GCGS0593,13
GCGS1082,13
GCGS0440,17
GCGS0691,13
GCGS0632,13
GCGS0522,13
GCGS0641,13
GCGS0455,13
GCGS0010,13
GCGS0611,13
GCGS0832,17
GCGS0391,13
GCGS0472,17
GCGS0401,13
GCGS0669,13
GCGS0343,13
GCGS0417,13
GCGS1032,13
GCGS0741,13
GCGS0286,13
GCGS0467,13
GCGS0355,13
GCGS0643,13
GCGS0422,13
GCGS0699,17
GCGS0298,13
GCGS0808,17
GCGS0267,13
GCGS0361,13
GCGS0563,17
GCGS0533,13
GCGS0013,17
GCGS0743,17
GCGS0760,17
GCGS0367,17
GCGS0505,13
GCGS0658,13
GCGS0478,13
GCGS0436,13
GCGS0296,13
GCGS0176,13
GCGS0379,13
GCGS0329,13
GCGS0681,13
GCGS1083,13
GCGS0100,17
GCGS0062,13
GCGS0747,13
GCGS0567,13
GCGS0530,17
GCGS0745,13
GCGS0218,13
GCGS0447,13
GCGS0621,13
GCGS0477,13
GCGS0660,13
GCGS0120,13
GCGS0595,13
GCGS0721,13
GCGS0761,17
GCGS0645,13
GCGS0342,13
GCGS0317,13
GCGS0226,13
GCGS0564,13
GCGS0788,17
GCGS0527,13
GCGS0224,13
GCGS0581,13
GCGS0338,13
GCGS0815,17
GCGS0613,17
GCGS0118,13
GCGS0314,17
GCGS0534,13
GCGS0433,13
GCGS0128,13
GCGS0857,13
GCGS0622,13
GCGS0468,13
GCGS0024,17
GCGS0758,17
GCGS0406,13
GCGS0404,13
GCGS0044,17
GCGS0038,13
GCGS0192,13
GCGS0805,17
GCGS0316,13
GCGS0804,17
GCGS0550,13
GCGS1025,13
GCGS0264,13
GCGS0692,17
GCGS0096,13
GCGS0420,17
GCGS0371,13
GCGS0374,13
GCGS0285,13
GCGS0202,13
GCGS0482,13
GCGS0518,13
GCGS0818,17
GCGS0698,13
GCGS0532,13
GCGS0380,13
GCGS0435,13
GCGS0340,13
GCGS0503,13
GCGS0814,17
GCGS0746,17
GCGS0018,13
GCGS0795,13
GCGS0297,13
GCGS0156,13
GCGS0299,13
GCGS0571,17
GCGS0516,13
GCGS0288,13
GCGS0587,13
GCGS0742,17
GCGS0014,17
GCGS0289,13
GCGS0750,13
GCGS0204,13
GCGS1030,13
GCGS0701,13
GCGS0644,13
GCGS0732,13
GCGS0547,17
GCGS0649,13
GCGS0635,13
GCGS0640,17
GCGS0792,17
GCGS0772,13
GCGS0813,13
GCGS0012,17
GCGS0816,17
GCGS0570,17
GCGS0809,17
GCGS0485,13
GCGS0574,13
GCGS0323,13
GCGS0638,13
GCGS0484,13
GCGS0276,13
GCGS0016,17
GCGS0332,13
GCGS0349,17
GCGS0852,17
GCGS0228,13
GCGS0476,13
GCGS0578,13
GCGS0378,13
GCGS0405,13
GCGS0583,13
GCGS0694,13
GCGS0577,13
GCGS0254,13
GCGS0174,13
GCGS0136,13
GCGS0618,17
GCGS0032,17
GCGS0704,17
GCGS0823,13
GCGS0665,13
GCGS0513,13
GCGS0060,17
GCGS0733,17
GCGS0636,13
GCGS0426,13
GCGS0523,13
GCGS0678,13
GCGS0392,13
GCGS0308,13
GCGS0560,13
GCGS0827,13
GCGS0634,17
GCGS0719,13
GCGS0509,13
GCGS0337,13
GCGS0356,13
SRR7226401,17
SRR7226394,13
SRR7226377,17
SRR7226415,13
SRR7226383,13
SRR7226412,17
SRR7226417,13
SRR7226413,13
SRR7226414,17
SRR7226386,13
SRR7226416,13
SRR7226399,13
SRR7226387,17
SRR7226398,13
SRR7226388,13
SRR7226382,13
SRR7226378,13
ERR2133985,13
ERR2133981,13
ERR2133971,17
ERR2133940,13
ERR2133915,17
ERR2133917,17
ERR2133933,13
ERR2133930,13
ERR2133920,13
ERR2133941,13
ERR2133935,13
ERR2133934,13
ERR2133970,17
ERR2133918,13
ERR2133919,13
ERR2133973,13
ERR2133982,13
ERR2133979,13
ERR2133913,17
ERR2133969,17
ERR2133983,13
ERR2133929,13
ERR2133921,13
ERR2133936,13
ERR2133916,17
ERR2133914,17
ERR2133984,13
ERR2133972,17
ERR2133975,17
ERR2133980,13
ERR2133974,13
DRR124821,13
DRR129094,13
DRR124822,13
DRR124721,13
DRR124807,13
DRR129083,13
DRR129101,13
DRR129102,13
DRR124736,13
DRR129103,13
DRR129090,13
DRR124747,17
DRR129084,13
DRR124775,17
DRR124776,17
DRR129085,13
DRR124848,13
ERR2172351,13
ERR2172273,13
ERR2172302,13
ERR2172298,13
ERR2172349,13
ERR2172324,13
ERR2172265,13
ERR2172342,13
ERR2172263,13
ERR2172276,13
ERR2172309,13
ERR2172340,13
ERR2172288,13
ERR2172329,13
ERR2172277,13
ERR2172290,13
ERR2172287,13
ERR2172328,13
ERR2172262,13
ERR2172331,13
ERR2172254,13
ERR2172322,13
ERR2172319,13
ERR2172332,13
ERR2172339,13
ERR2172334,13
ERR2172326,13
ERR2172304,13
ERR2172330,13
ERR2172353,13
ERR2172272,13
ERR2172261,13
ERR2172286,13
ERR2172269,13
ERR2172311,13
ERR2172320,13
ERR2172317,13
ERR2172268,13
ERR2172344,13
ERR2172283,13
ERR2172256,13
ERR2172258,13
ERR2172313,13
ERR2172348,13
ERR2172346,13
ERR2172315,13
ERR2172279,13
ERR2172295,13
ERR2172350,13
ERR2172280,13
ERR2172284,13
ERR2172333,13
ERR2172300,13
ERR2172303,13
ERR2172325,13
ERR2172292,13
ERR2172352,13
ERR2172323,13
ERR2172294,13
ERR2172337,13
ERR2172345,13
ERR2172274,13
ERR2172264,13
ERR2172347,13
ERR2172318,13
ERR2172267,13
ERR2172278,13
ERR2172255,13
ERR2172281,13
ERR2172291,13
ERR2172266,13
ERR2172321,13
ERR2172299,13
ERR2172343,13
ERR2172314,13
ERR2172327,13
ERR2172275,13
ERR2172296,13
ERR2172308,13
ERR2172289,13
ERR2172285,13
ERR2172297,13
ERR2172282,13
ERR2172316,13
ERR2172312,13
ERR2172271,13
ERR2172257,13
ERR2172306,13
ERR2172354,13
ERR2172293,13
ERR2172270,13
ERR2172341,13
ERR2172301,13
ERR2172260,13
ERR2172336,13
ERR2172335,13
ERR2172307,13
ERR2172305,13
SRR969382,13
SRR969374,13
SRR969389,13
SRR969379,17
ERR1528216,13
ERR1602750,17
ERR1602794,17
ERR1680312,17
ERR1560923,17
ERR1514790,13
ERR1549682,13
ERR1560921,17
ERR1528331,13
ERR1514834,13
ERR1555190,13
ERR1514825,17
ERR1549763,13
ERR1560812,13
ERR1514702,13
ERR1469734,13
ERR1560900,13
ERR1514844,13
ERR1549783,13
ERR1602743,17
ERR1549791,13
ERR1469677,13
ERR1602746,17
ERR1560945,17
ERR1560953,17
ERR1514711,13
ERR1560779,17
ERR1528250,17
ERR1471139,13
ERR1469656,13
ERR1471125,13
ERR1555248,13
ERR1555164,13
ERR1555173,13
ERR1514757,13
ERR1528304,13
ERR1528303,13
ERR1560800,13
ERR1514764,13
ERR1560864,17
ERR1469580,17
ERR1528316,17
ERR1514742,17
ERR1549786,13
ERR1469645,13
ERR1560905,13
ERR1469750,13
ERR1528200,13
ERR1469729,13
ERR1555213,13
ERR1528206,13
ERR1528302,13
ERR1514828,13
ERR1560919,17
ERR1514747,13
ERR1514779,17
ERR1514751,17
ERR1528292,17
ERR1621697,13
ERR1528260,13
ERR1560880,13
ERR1528283,13
ERR1560920,17
ERR1528254,13
ERR1514716,13
ERR1528293,13
ERR1560793,13
ERR1555167,17
ERR1514746,13
ERR1528246,13
ERR1528295,17
ERR1549766,17
ERR1528205,13
ERR1469566,13
ERR1560885,13
ERR1514819,17
ERR1549696,13
ERR1528289,17
ERR1469721,17
ERR1549741,13
ERR1528291,17
ERR1555156,13
ERR1549712,13
ERR1514722,13
ERR1528321,17
ERR1602777,13
ERR1469666,13
ERR1560952,13
ERR1514775,13
ERR1560907,13
ERR1528213,17
ERR1469613,13
ERR1528179,13
ERR1621699,13
ERR1602788,13
ERR1549710,13
ERR1514748,17
ERR1560844,13
ERR1469741,17
ERR1528298,13
ERR1680304,17
ERR1528164,13
ERR1471148,13
ERR1469574,13
ERR1528312,13
ERR1560787,17
ERR1555182,13
ERR1560839,13
ERR1528334,17
ERR1560939,13
ERR1514731,13
ERR1555210,13
ERR1555249,13
ERR1469675,13
ERR1514696,13
ERR1528310,13
ERR1560813,13
ERR1602779,13
ERR1560827,13
ERR1514704,13
ERR1680311,17
ERR1528294,13
ERR1528268,13
ERR1514827,17
ERR1602776,13
ERR1560908,13
ERR1560922,13
ERR1528315,17
ERR1514786,13
ERR1514787,13
ERR1549737,13
ERR1469727,17
ERR1602795,13
ERR1549716,13
ERR1560785,13
ERR1555230,13
ERR1528233,17
ERR1680316,13
ERR1555160,13
ERR1560904,13
ERR1528257,13
ERR1560835,13
ERR1469601,17
ERR1528287,13
ERR1469719,17
ERR1549714,13
ERR1528275,13
ERR1555216,13
ERR1560789,13
ERR1549715,13
ERR1528243,17
ERR1469670,13
ERR1560786,13
ERR1602772,13
ERR1555178,13
ERR1555234,13
ERR1560898,17
ERR1555237,13
ERR1555161,13
ERR1469742,17
ERR1549686,13
ERR1555235,13
ERR1469567,13
ERR1560882,13
ERR1560942,13
ERR1528150,17
ERR1469583,13
ERR1621696,13
ERR1560868,13
ERR1549778,13
ERR1555181,13
ERR1528251,13
ERR1514808,17
ERR1469716,17
ERR1560906,13
ERR1555163,17
ERR1549690,17
ERR1549759,13
ERR1560936,13
ERR1528244,13
ERR1469669,17
ERR1528256,13
ERR1555219,13
ERR1549781,13
ERR1514760,13
ERR1514802,17
ERR1528181,13
ERR1528270,13
ERR1560926,17
ERR1555243,13
ERR1469621,17
ERR1621698,13
ERR1528230,13
ERR1555215,13
ERR1514727,13
ERR1560874,13
ERR1680303,13
ERR1555208,13
ERR1555176,17
ERR1528166,13
ERR1528261,17
ERR1560930,13
ERR1555191,17
ERR1560810,13
ERR1469722,17
ERR1528332,13
ERR1528307,13
ERR1555212,13
ERR1560896,13
ERR1549742,13
ERR1469710,13
ERR1528192,13
ERR1560845,13
ERR1549713,13
ERR1602769,13
ERR1560934,13
ERR1549762,13
ERR1555205,13
ERR1528169,17
ERR1602755,17
ERR1555162,13
ERR1528191,17
ERR1514693,17
ERR1549772,17
ERR1514758,13
ERR1528305,17
ERR1560889,13
ERR1555236,13
ERR1549764,13
ERR1560881,13
ERR1560890,17
ERR1555211,13
ERR1514690,17
ERR1528204,13
ERR1514792,13
ERR1549774,17
ERR1555245,13
ERR1549793,17
ERR1560803,13
ERR1514774,13
ERR1528234,17
ERR1528162,13
ERR1555247,13
ERR1469653,17
ERR1555170,13
ERR1528299,13
ERR1555187,13
ERR1469655,17
ERR1514780,17
ERR1469667,13
ERR1602747,17
ERR1469740,13
ERR1555168,17
ERR1469726,13
ERR1549755,17
ERR1528306,13
ERR1471147,13
ERR1680296,17
ERR1469644,13
ERR1469623,13
ERR1469758,17
ERR1560924,13
ERR1514741,13
ERR1528326,17
ERR1528277,17
ERR1514788,17
ERR1680318,13
ERR1528245,17
ERR1560819,13
ERR1555242,13
SRR5827172,13
SRR5827031,17
SRR5827403,13
SRR5827308,13
SRR5827227,13
SRR5827170,13
SRR5827396,17
SRR5827302,13
SRR5827355,13
SRR5827199,13
SRR5827295,13
SRR5827233,17
SRR5827263,13
SRR5827285,13
SRR5827249,13
SRR5827343,17
SRR5827408,13
SRR5827337,17
SRR5827073,13
SRR5827034,17
SRR5827124,17
SRR5827085,13
SRR5827171,13
SRR5827269,17
SRR5827404,13
SRR5827394,17
SRR5827336,13
SRR5827265,17
SRR5827262,13
SRR5827254,13
SRR5827286,13
SRR5827205,17
SRR5827323,13
SRR5827156,17
SRR5827112,17
SRR5827320,17
SRR5827082,13
SRR5827028,13
SRR5827405,13
SRR5827088,17
SRR5827256,17
SRR5827146,13
SRR5827392,13
SRR5827147,17
SRR5827397,17
SRR5827044,17
SRR5827208,13
SRR5827052,17
SRR5827083,17
SRR5827041,13
SRR5827057,13
SRR5827175,17
SRR5827338,13
SRR5827386,17
SRR5827219,17
SRR5827266,13
SRR5827321,17
SRR5827072,13
SRR5827223,17
SRR5827362,13
SRR5827232,13
SRR5827402,17
SRR5827375,13
SRR5827104,13
SRR5827111,17
SRR5827039,17
SRR5827174,13
SRR5827347,17
SRR5827253,13
SRR5827077,17
SRR5827038,13
SRR5827333,13
SRR5827364,13
SRR5827356,13
SRR5827132,17
SRR5827142,13
SRR5827056,13
SRR5827225,17
SRR5827378,13
SRR5827169,17
SRR5827164,13
SRR5827367,13
SRR5827259,13
SRR5827211,13
SRR5827053,13
SRR5827278,17
SRR5827372,13
SRR5827400,13
SRR5827220,13
SRR5827037,13
SRR5827390,13
SRR5827369,17
SRR5827159,13
SRR5827020,13
SRR5827301,17
SRR5827376,17
SRR5827298,13
SRR5827357,13
SRR5827385,17
SRR5827406,17
SRR5827346,13
SRR5827371,13
SRR5827243,13
SRR5827021,13
SRR5827268,17
SRR5827206,13
SRR5827109,17
SRR5827297,13
SRR5827165,13
SRR5827033,17
SRR5827398,17
SRR5827359,13
SRR5827192,17
SRR5827110,13
SRR5827162,13
SRR5827018,13
SRR5827270,17
SRR5827410,13
SRR5827071,17
SRR5827179,17
SRR5827105,13
SRR1661218,13
SRR1661328,13
SRR1661327,17
SRR1661261,13
SRR1661329,13
SRR1661211,13
SRR1661331,13
SRR1661313,13
SRR1661293,17
SRR1661281,13
SRR1661154,17
SRR1661190,17
SRR1661282,13
SRR1661325,13
SRR2736268,13
SRR2736288,13
SRR2736136,13
SRR2736110,13
SRR2736296,13
SRR2736240,13
SRR2736196,13
SRR2736131,13
SRR2736202,13
SRR2736251,13
SRR2736243,17
SRR2736197,13
SRR2736305,13
SRR2736221,13
SRR2736256,13
SRR2736303,13
SRR2736282,13
SRR2736219,13
SRR2736206,13
SRR2736242,13
SRR2736234,13
SRR2736290,13
SRR2736239,13
SRR2736300,13
SRR2736292,13
SRR2736286,13
SRR2736216,17
SRR2736217,13
SRR2736253,13
SRR2736233,13
SRR2736291,13
SRR2736190,13
SRR2736271,13
SRR2736304,13
SRR2736140,13
SRR2736249,13
SRR2736181,13
SRR2736238,13
SRR2736273,17
SRR2736284,13
SRR2736269,13
SRR2736275,13
SRR2736225,13
SRR2736302,13
SRR2736189,13
SRR2736287,13
SRR2736274,17
SRR2736278,13
SRR2736208,13
SRR2736294,13
SRR2736237,13
SRR2736192,13
SRR2736272,13
SRR2736293,13
SRR2736299,13
SRR2736306,13
SRR2736159,13
SRR2736297,13
SRR2736111,13
SRR2736137,13
SRR2736285,13
SRR2736257,17
SRR2736252,13
SRR2736235,13
SRR2736298,13
SRR2736281,17
SRR2736212,13
SRR2736255,13
SRR2736211,13
SRR2736210,13
SRR2736195,13
SRR2736191,13
SRR2736283,13
SRR2736295,13
SRR2736207,13
SRR2736236,13
SRR2736194,13
SRR2736188,13
SRR2736250,13
25818_2#199,17
25825_2#10,17
21242_4#50,13
25818_2#213,17
25825_2#30,13
25818_2#320,13
21242_3#173,13
25818_2#315,13
25818_2#227,13
25818_2#258,13
21242_3#39,17
17966_3#39,13
21242_4#20,13
25825_2#37,17
21242_3#172,17
21242_3#120,17
25825_2#124,17
21242_3#79,13
25818_3#355,13
25825_2#119,13
25825_2#91,17
25825_2#150,13
21242_3#51,17
25818_2#281,13
25825_2#99,17
25825_2#178,13
25825_2#76,13
25818_3#376,13
25818_2#314,17
25818_3#297,13
25818_2#264,17
25825_2#156,13
25818_3#289,17
25818_2#271,13
21242_4#33,17
21242_3#161,13
25818_3#371,13
21242_4#75,17
25818_3#346,17
25825_2#154,13
21242_3#65,17
25818_3#270,13
25818_3#339,13
25825_2#103,17
21242_3#19,13
21485_4#25,13
25818_2#40,13
21242_3#88,13
25818_2#187,17
21242_3#68,13
25818_3#273,13
17966_3#43,17
21242_4#80,17
25818_2#278,17
25818_3#328,13
25818_3#304,13
25818_3#303,13
21242_3#2,17
25818_3#229,13
25818_2#244,13
25818_3#245,13
21242_4#47,17
25825_2#102,13
25818_3#276,17
21242_4#63,17
25818_2#268,13
25825_2#75,13
25825_2#28,13
21242_3#80,13
21242_3#184,17
25818_3#363,13
17966_3#45,17
21242_3#50,17
25818_3#283,13
25825_2#98,13
21242_3#185,17
21242_4#2,13
21242_4#101,17
25825_2#171,17
25825_2#152,17
25818_3#378,17
21242_4#108,13
25818_2#252,13
25818_3#333,13
25825_2#113,13
25818_2#280,13
21242_3#58,13
25825_2#142,13
17966_3#21,17
25818_3#301,13
17966_3#52,13
25818_3#312,13
25818_3#319,13
25825_2#169,17
25818_2#205,13
25818_2#274,17
25825_2#71,17
25825_2#23,17
25818_3#225,13
21242_3#36,13
25818_2#234,13
21242_3#91,13
25818_3#336,13
21242_4#46,13
21242_3#67,17
25818_3#320,13
25825_2#183,13
21242_3#119,13
21242_4#81,17
25818_3#236,13
21242_3#9,13
25818_2#299,13
21242_3#30,17
21485_4#22,13
25818_2#37,13
25818_2#14,13
25818_2#175,13
21242_4#26,13
21242_3#163,13
21242_4#84,13
21242_3#116,13
21242_3#177,13
25825_2#38,13
21242_3#124,13
17966_3#31,13
25825_2#29,13
21242_3#140,13
25818_2#47,13
21485_4#29,13
21242_3#87,13
21242_4#77,17
17966_3#11,13
25818_2#11,13
25825_2#107,13
25818_3#330,13
25818_3#300,13
21242_4#128,13
17966_3#41,17
21242_4#39,17
21242_3#71,17
25818_3#325,13
25818_2#178,13
25818_2#260,17
21242_3#21,13
21242_4#49,13
17966_3#25,13
25825_2#89,17
21242_3#102,17
25825_2#149,13
25818_2#316,13
21242_3#145,13
25818_2#269,13
21242_3#94,17
25818_2#287,13
25818_2#288,13
25825_2#100,13
21242_3#151,13
21242_3#44,17
25818_3#261,13
25818_3#248,13
21242_4#98,13
21242_3#152,17
21242_4#58,17
21242_4#52,13
21242_4#89,13
25825_2#68,13
25825_2#21,17
25825_2#160,13
25818_3#348,13
25818_3#258,13
25825_2#70,13
25818_2#318,13
25818_2#319,13
25818_3#332,13
25818_3#268,13
21242_3#47,13
21242_3#62,13
25818_2#163,17
25818_2#291,13
25825_2#47,13
21242_4#130,13
25825_2#122,13
25818_3#345,13
25825_2#51,13
21242_3#135,13
21242_3#157,13
25818_2#10,17
21242_4#32,17
25825_2#114,17
25818_2#295,13
25825_2#109,13
25818_3#343,13
25825_2#5,17
17966_3#51,17
21242_4#109,13
21242_3#182,13
21242_4#106,13
21242_3#189,17
21242_3#74,17
25825_2#79,17
25825_2#153,13
25818_3#352,13
25818_2#25,17
21242_4#95,13
21242_3#106,13
21242_3#25,17
21485_4#36,13
21242_3#26,13
21242_3#60,13
21242_3#22,17
25825_2#88,13
25825_2#58,17
21242_4#4,13
21242_3#29,17
25818_2#292,13
21242_3#149,17
21242_3#31,17
21242_4#12,17
25825_2#117,13
21242_4#90,13
21242_3#142,13
25825_2#25,13
25818_2#36,17
25818_2#164,17
25818_3#239,17
21242_3#100,13
25825_2#42,13
25818_2#166,17
21242_4#55,13
21242_4#67,17
25818_2#282,13
21242_4#68,13
21242_4#125,13
25825_2#49,13
25825_2#116,13
25818_3#323,17
21242_4#70,17
25825_2#19,13
21485_4#38,13
25825_2#81,13
21242_4#76,17
25818_3#327,13
25818_3#326,13
25818_3#341,13
21242_3#23,13
25818_2#193,13
21242_3#134,13
21242_4#62,17
25818_2#200,13
21242_3#147,13
25818_2#289,13
21242_3#95,13
25818_3#373,13
25818_2#32,13
21242_4#21,17
21242_3#183,13
25818_3#374,17
25818_2#273,17
25818_2#30,13
25818_2#22,13
25825_2#185,17
17966_3#27,13
25825_2#67,13
25825_2#45,13
25818_3#286,13
25818_2#317,13
17966_3#23,17
21242_3#159,17
21242_4#9,17
25818_2#323,13
21242_4#7,13
17966_3#38,13
25818_2#35,13
SRR5827344,17
SRR5827279,17
SRR5827341,17
SRR5827194,17
ERR449496,13
ERR449490,13
GCGS0829,17
GCGS0110,13
SRR7226410,13
DRR129093,13
ERR1560877,13
ERR1549761,13
ERR1602751,17
ERR1680301,13
ERR1528317,13
SRR5827093,17
25825_2#97,13
25818_3#367,13
21242_3#57,13
25818_2#206,13
21242_3#76,13
21242_4#14,13
25825_2#125,13
25825_2#118,17
25818_3#254,13
ERR363653,12
ERR388312,12
ERR349976,12
ERR363634,12
SRR3360652,12
ERR1555238,12
ERR1555246,12
ERR1549757,12
SRR5827365,12
SRR5827064,12
SRR5827296,12
SRR5827029,12
SRR5827322,12
SRR5827113,12
SRR5827196,12
SRR5827328,12
SRR5827168,12
SRR5827114,12
SRR5827080,12
SRR5827155,12
SRR5827022,12
SRR5827090,12
SRR5827198,12
ERR363614,15
ERR388290,15
ERR349900,15
ERR363622,15
ERR1560925,14
ERR1469698,14
ERR1560799,14
ERR1560848,15
ERR1469571,15
ERR1469699,14
SRR5827309,15
SRR5827310,15
SRR5827149,15
SRR5827267,15
SRR5827050,15
SRR5827307,15
SRR5827078,15
SRR5827135,15
SRR5827358,15
SRR5827319,15
SRR5827292,15
SRR5827185,15
SRR5827382,15
SRR5827065,15
SRR5827095,15
SRR5827272,15
SRR5827058,15
SRR5827079,15
SRR5827115,15
SRR5827230,15
SRR5827107,15
SRR5827332,15
SRR5827102,15
ERR363619,13
ERR1549758,12
25818_2#257,12
25825_2#191,12
21242_4#131,12
25818_3#279,12
17966_3#30,12
21242_3#115,12
25818_3#267,12
17966_3#34,12
21242_4#48,12
21242_3#139,12
25825_2#7,12
25818_2#28,12
21242_3#38,12
21242_3#66,12
25818_3#249,12
21242_3#53,12
25818_2#322,12
25818_3#290,12
25818_2#310,12
25818_2#212,12
25818_2#42,12
25825_2#144,12
25818_3#311,12
25818_2#218,12
25818_2#171,12
25818_3#316,12
17966_3#22,12
25818_2#224,12
21242_4#10,12
21242_3#114,12
25818_2#303,12
GCGS0475,15
ERR1528297,15
ERR1514826,15
ERR1514794,15
ERR1469756,15
ERR1555157,15
SRR5827409,15
ERR1471146,14
ERR388341,15
ERR349974,15
ERR388351,15
ERR388297,15
ERR485169,15
ERR349973,15
ERR363592,15
ERR388343,15
ERR388373,15
ERR388349,15
ERR363611,15
ERR388326,15
ERR363587,15
ERR388429,15
ERR388374,15
ERR388348,15
ERR388430,15
ERR388327,15
ERR388328,15
ERR363583,15
ERR349969,15
ERR388325,15
ERR388347,15
ERR388432,15
ERR349896,15
SRR3361356,15
SRR3360944,15
SRR3360889,15
SRR3360632,15
SRR3360627,15
SRR3360751,15
SRR3360684,15
SRR3360618,15
SRR3360703,15
GCGS0656,15
GCGS1088,15
GCGS0510,15
GCGS0493,15
GCGS0483,15
GCGS0196,15
GCGS0381,15
GCGS0507,15
GCGS0414,15
GCGS0549,15
GCGS0444,15
GCGS0132,15
GCGS1085,15
GCGS0693,15
GCGS0754,15
GCGS0606,15
GCGS0491,15
GCGS0628,15
GCGS0590,15
GCGS0238,15
GCGS0798,15
GCGS0779,15
GCGS0122,15
GCGS0415,15
GCGS0360,15
GCGS0683,15
GCGS0711,15
GCGS0609,15
GCGS0413,15
GCGS0710,15
GCGS0499,15
GCGS0654,15
GCGS0232,15
GCGS0551,15
GCGS0558,15
GCGS0070,15
GCGS0633,15
GCGS0676,15
GCGS0411,15
GCGS0783,15
GCGS0568,15
GCGS0639,15
GCGS0352,15
GCGS0506,15
GCGS0036,15
GCGS0725,15
GCGS0236,15
GCGS0487,15
GCGS0731,15
GCGS0695,15
GCGS1018,15
GCGS0785,15
GCGS0664,15
GCGS0588,15
GCGS1086,15
GCGS0094,15
GCGS0617,15
GCGS0659,15
GCGS0058,15
GCGS1087,15
GCGS0650,15
GCGS0589,15
GCGS0446,15
GCGS0796,15
GCGS0452,15
GCGS1026,15
GCGS1084,15
GCGS0480,15
GCGS0004,15
GCGS0637,15
GCGS0774,15
GCGS0052,15
GCGS1070,15
GCGS0764,15
GCGS0631,15
GCGS1104,15
GCGS1100,15
GCGS0042,15
GCGS0490,15
GCGS0690,15
GCGS0858,15
GCGS0653,15
GCGS0625,15
GCGS0368,15
GCGS0448,15
GCGS0686,15
GCGS0158,15
GCGS0002,15
GCGS0463,15
GCGS0553,15
GCGS1041,15
GCGS1060,15
GCGS0548,15
GCGS1071,15
GCGS0108,15
GCGS0466,15
GCGS1092,15
GCGS0194,15
GCGS0591,15
GCGS0222,15
GCGS0840,15
GCGS0596,15
GCGS0437,15
GCGS0278,15
GCGS0776,15
GCGS1069,15
GCGS0712,15
GCGS0689,15
GCGS0673,15
GCGS1072,15
GCGS0592,15
GCGS0706,15
GCGS0626,15
GCGS0234,15
GCGS1058,15
GCGS0080,15
GCGS0388,15
GCGS0508,15
GCGS1054,15
GCGS0557,15
GCGS0006,15
GCGS0629,15
GCGS0140,15
GCGS0148,15
GCGS1023,15
GCGS0608,15
GCGS0684,15
GCGS0775,15
GCGS0597,15
GCGS0707,15
GCGS0797,15
GCGS0861,15
GCGS1037,15
GCGS0130,15
GCGS0464,15
GCGS0627,15
GCGS0511,15
GCGS0675,15
GCGS0799,15
GCGS0677,15
GCGS0384,15
GCGS0319,15
GCGS1080,15
GCGS1094,15
GCGS0773,15
GCGS0385,15
GCGS1098,15
GCGS0320,15
GCGS0410,15
GCGS0451,15
GCGS0054,15
GCGS1073,15
DRR124835,15
DRR124798,15
DRR129089,15
DRR129086,15
DRR129087,15
DRR124714,15
DRR129097,15
DRR124696,15
DRR129091,15
DRR124826,15
DRR129099,15
DRR124773,15
DRR124868,15
DRR124802,15
DRR124825,15
DRR129095,15
DRR124813,15
DRR124823,15
DRR124862,15
DRR124774,15
DRR129100,15
DRR124772,15
DRR129088,15
DRR124873,15
DRR129096,15
DRR124844,15
DRR124803,15
DRR124758,15
DRR129092,15
DRR129098,15
SRR969375,15
SRR969371,15
SRR969393,15
SRR969352,15
ERR1469684,15
ERR1469569,15
ERR1680298,15
ERR1528199,15
ERR1528226,15
ERR1560808,15
ERR1469570,15
ERR1549688,15
ERR1560817,15
ERR1560929,15
ERR1549691,15
ERR1528218,15
ERR1555169,15
ERR1514807,15
ERR1528221,15
ERR1528300,15
ERR1555232,15
ERR1528238,15
ERR1469564,15
ERR1514682,15
ERR1469725,15
ERR1602752,15
ERR1471126,15
SRR5827136,15
SRR5827334,15
SRR5827330,15
SRR5827191,15
SRR5827094,15
SRR5827062,15
SRR5827054,15
SRR5827069,15
SRR5827027,15
SRR5827314,15
SRR5827260,15
SRR5827413,15
SRR5827189,15
SRR5827284,15
SRR5827407,15
SRR5827244,15
SRR1661228,15
SRR1661184,15
SRR1661265,15
SRR1661199,15
SRR2736204,15
SRR2736114,15
SRR2736139,15
SRR2736146,15
SRR2736193,15
SRR2736096,15
SRR2736154,15
SRR2736157,15
SRR2736198,15
25818_2#254,15
25825_2#138,15
25825_2#90,15
25818_2#198,15
21242_4#36,15
25818_3#269,15
25825_2#78,15
25818_2#197,15
25818_3#357,15
25818_3#284,15
25818_3#233,15
21242_4#126,15
21242_3#59,15
25818_2#46,15
25818_3#377,15
25818_2#24,15
21242_3#166,15
25825_2#167,15
25818_2#279,15
25818_3#285,15
25818_3#235,15
21242_4#85,15
25818_3#315,15
21242_4#86,15
25818_2#43,15
25825_2#182,15
21242_3#165,15
25818_3#360,15
21242_3#160,15
21242_3#168,15
25818_3#364,15
21242_3#4,15
21242_4#74,15
21242_4#69,15
21242_4#19,15
21242_4#17,15
21242_3#34,15
25818_2#251,15
21242_4#91,15
ERR449466,15
ERR449469,15
GCGS0082,15
GCGS0860,15
GCGS0034,15
GCGS0708,15
ERR1514797,15
ERR1549767,15
ERR1514822,15
ERR1528314,15
ERR1514810,15
ERR1514805,15
SRR5827361,15
SRR1661156,15
SRR2736149,15
21242_3#16,15
21242_3#15,15
25818_3#382,15
25825_2#175,15
21242_3#18,15
25818_3#252,15
25825_2#32,15
ERR349889,7
ERR349888,7
ERR349953,7
ERR349904,7
ERR502239,7
ERR388295,7
ERR349943,7
ERR388401,7
ERR449485,7
ERR349897,7
ERR449515,7
ERR349935,7
ERR388296,7
ERR388340,7
ERR363600,7
ERR349924,7
ERR349936,7
ERR349921,7
ERR449524,7
ERR449486,7
ERR349903,7
ERR349892,7
ERR349954,7
ERR388313,7
ERR388353,7
ERR349922,7
ERR449493,7
ERR349960,7
ERR363628,7
ERR349890,7
SRR3360832,7
SRR3360630,7
SRR3361352,7
SRR3360692,7
GCGS0310,7
GCGS0258,7
GCGS0386,7
GCGS0441,7
GCGS0273,7
GCGS0387,7
GCGS0443,7
GCGS0311,7
GCGS0268,7
GCGS0427,7
GCGS0312,7
GCGS0395,7
GCGS0302,7
GCGS0259,7
GCGS0284,7
GCGS0461,7
GCGS0500,7
GCGS0339,7
GCGS0345,7
GCGS0456,7
GCGS0492,7
GCGS0293,7
GCGS1048,7
GCGS0525,7
GCGS0543,7
GCGS1096,7
GCGS0703,7
GCGS0460,7
GCGS0315,7
GCGS0162,7
GCGS0280,7
GCGS0260,7
GCGS0282,7
GCGS0390,7
GCGS0290,7
GCGS0529,7
GCGS0473,7
GCGS0283,7
GCGS0521,7
GCGS0292,7
GCGS0850,7
ERR2133895,7
ERR2133957,7
ERR2133938,7
ERR2133903,7
ERR2133966,7
ERR2133931,7
ERR2133968,7
ERR2133894,7
ERR2133937,7
ERR2133967,7
ERR2133958,7
ERR2133932,7
ERR2133959,7
ERR2133904,7
ERR2133939,7
SRR960561,7
SRR969362,7
SRR969394,7
SRR969370,7
ERR1514762,7
ERR1602768,7
ERR1514809,7
ERR1528323,7
ERR1549790,7
ERR1555189,7
ERR1514845,7
ERR1549760,7
ERR1555195,7
ERR1602773,7
ERR1469724,7
ERR1528255,7
ERR1514829,7
ERR1528180,7
ERR1602771,7
ERR1602753,7
ERR1555186,7
ERR1560867,7
ERR1555172,7
ERR1555220,7
ERR1555196,7
ERR1528290,7
ERR1514755,7
ERR1602783,7
ERR1602780,7
ERR1528319,7
ERR1602758,7
ERR1602764,7
ERR1528258,7
ERR1560859,7
ERR1528214,7
ERR1471137,7
ERR1549765,7
ERR1514771,7
ERR1528259,7
ERR1549768,7
ERR1471121,7
ERR1514817,7
ERR1528296,7
ERR1469620,7
ERR1555165,7
ERR1469600,7
ERR1528311,7
ERR1469753,7
ERR1528322,7
ERR1514793,7
SRR5827059,7
SRR5827415,7
SRR5827282,7
SRR5827043,7
SRR5827100,7
SRR5827241,7
SRR5827277,7
SRR5827092,7
SRR5827349,7
SRR5827158,7
SRR5827055,7
SRR5827391,7
SRR5827163,7
SRR5827228,7
SRR5827145,7
SRR5827176,7
SRR5827074,7
SRR5827274,7
SRR5827140,7
SRR5827182,7
SRR5827239,7
SRR5827317,7
SRR5827144,7
SRR5827084,7
SRR5827108,7
SRR5827193,7
25818_2#34,7
21242_3#138,7
21242_3#101,7
21242_3#143,7
17966_3#44,7
17966_3#17,7
25818_2#29,7
21242_3#127,7
25825_2#9,7
25818_3#275,7
25818_2#177,7
25818_3#292,7
25818_3#224,7
25825_2#108,7
25825_2#54,7
21485_4#11,7
25818_2#169,7
25825_2#134,7
25818_3#280,7
21485_4#26,7
25818_2#6,7
21242_3#52,7
25825_2#115,7
25818_3#222,7
25818_2#215,7
25825_2#52,7
21242_3#92,7
25818_2#174,7
25825_2#143,7
21242_4#22,7
21242_3#180,7
25818_3#331,7
21242_4#123,7
25818_3#288,7
25825_2#62,7
25818_3#240,7
25818_2#27,7
25818_3#342,7
25825_2#14,7
21485_4#10,7
25825_2#36,7
21242_4#124,7
17966_3#29,7
21242_3#126,7
25818_2#283,7
25818_3#368,7
25818_3#305,7
25825_2#174,7
21242_3#153,7
25818_2#186,7
25818_2#275,7
25818_2#168,7
25818_3#329,7
25825_2#3,7
21485_4#33,7
25818_2#13,7
21242_3#109,7
25825_2#159,7
25825_2#181,7
17966_3#24,7
25818_3#347,7
21485_4#14,7
21242_4#92,7
21242_3#107,7
25825_2#84,7
21242_4#129,7
25818_2#194,7
21242_4#99,7
21485_4#32,7
25825_2#69,7
25818_2#185,7
21242_4#25,7
21242_4#66,7
25818_2#265,7
25818_2#33,7
25818_3#308,7
21485_4#23,7
21242_4#41,7
21485_4#39,7
25818_3#379,7
25818_2#250,7
25825_2#17,7
25818_2#259,7
21242_4#57,7
25825_2#184,7
25825_2#13,7
21485_4#40,7
25818_2#285,7
21242_3#174,7
21242_4#122,7
25818_3#272,7
21242_3#164,7
25818_3#344,7
25818_2#261,7
25825_2#94,7
25818_2#1,7
25818_2#301,7
25825_2#112,7
25818_2#219,7
25825_2#55,7
21242_3#40,7
21242_4#64,7
21242_4#38,7
21242_3#72,7
21242_3#141,7
21242_4#31,7
25818_3#231,7
21485_4#41,7
25818_2#214,7
21242_3#171,7
21242_3#90,7
25818_2#209,7
21242_3#56,7
21242_4#18,7
25825_2#50,7
17966_3#46,7
21242_4#71,7
21242_3#3,7
25818_2#253,7
25818_3#250,7
25825_2#16,7
21242_3#169,7
21242_3#54,7
25818_3#370,7
ERR363615,7
GCGS0687,7
GCGS0685,7
ERR1514749,17
ERR1560869,17
ERR1528139,17
SRR5827195,7
SRR5827099,7
SRR5827214,7
25818_2#204,7
25818_2#231,7
ERR1560940,17
ERR1469629,17
ERR1560917,17
ERR1560790,17
ERR1469582,17
ERR1528285,7
ERR1602759,17
ERR1469586,7
ERR1528288,17
ERR1560846,17
SRR2736301,7
25825_2#92,7
25818_2#189,7
25818_3#266,7
ERR1602745,17
ERR1560831,13
DRR117981,15
DRR124783,15
DRR124782,15
DRR117960,15
DRR124872,15
DRR124792,15
DRR117953,15
DRR117952,15
ERR1560932,17
GCGS0182,17
ERR1560857,17
ERR1514679,17
ERR1560951,17
ERR1560916,17
ERR1528239,17
ERR1560782,17
GCGS1062,15
GCGS0086,17
ERR1560847,17
ERR1560854,13
ERR1469646,13
ERR1560775,13
ERR1469561,13
ERR1560863,13
ERR1560850,13
ERR1469723,11
ERR1469732,11
25818_3#251,11
ERR388357,10
ERR449465,10
ERR388417,10
ERR449523,10
ERR449504,10
ERR449499,10
ERR388333,10
ERR349912,10
ERR388337,10
ERR363621,10
ERR349914,10
ERR363660,10
ERR363631,10
ERR363662,10
ERR449522,10
ERR388399,10
ERR449503,10
ERR388363,10
ERR363667,10
ERR449507,10
ERR449498,10
ERR502238,10
ERR363624,10
ERR363666,10
ERR388311,10
ERR363664,10
ERR349918,10
ERR363620,10
ERR449501,10
ERR363630,10
ERR388435,10
ERR363629,10
ERR388360,10
ERR388369,10
ERR388387,10
ERR363646,10
SRR3360678,10
SRR3360672,10
SRR3360691,10
SRR3360736,10
SRR3360697,10
SRR3360867,10
SRR3361341,10
SRR3360750,10
SRR3360606,10
SRR3360625,10
SRR3360917,10
SRR3360624,10
SRR3360651,10
GCGS0212,10
GCGS0346,10
GCGS0730,10
GCGS0334,10
GCGS0445,10
GCGS0321,10
GCGS0146,10
GCGS0432,10
GCGS0216,10
GCGS0396,10
GCGS0008,10
GCGS0186,10
GCGS0188,10
GCGS0398,10
GCGS0667,10
GCGS0495,10
GCGS0666,10
GCGS0331,10
GCGS0210,10
GCGS0494,10
GCGS0496,10
GCGS0244,9
GCGS0739,10
GCGS0090,10
GCGS0469,10
GCGS0383,10
GCGS0180,10
GCGS0603,10
GCGS0246,9
GCGS0514,10
SRR7226384,10
ERR2133945,10
ERR2133944,10
DRR124890,10
SRR969355,10
SRR969361,10
SRR955973,10
SRR969388,10
ERR1514783,10
ERR1469597,10
ERR1514717,10
ERR1469616,10
ERR1471131,10
ERR1549711,10
ERR1528173,10
ERR1469746,10
ERR1528333,10
ERR1528168,10
ERR1560814,10
ERR1469626,10
ERR1471144,10
ERR1560876,10
ERR1469610,10
ERR1469755,10
ERR1469560,10
ERR1471142,10
ERR1514754,10
ERR1469630,10
ERR1560849,10
ERR1602793,10
ERR1680294,10
ERR1549743,10
ERR1528328,10
ERR1528222,10
ERR1469631,10
ERR1528141,10
ERR1528193,10
ERR1528223,10
ERR1560933,10
ERR1469624,10
ERR1471133,10
ERR1469588,10
ERR1528147,10
ERR1469609,10
ERR1549692,10
ERR1560777,10
ERR1514694,10
ERR1469628,10
ERR1680302,10
ERR1602782,10
ERR1471141,10
ERR1549685,10
ERR1514724,10
ERR1469752,10
ERR1514830,10
ERR1560811,10
ERR1549730,10
ERR1549739,10
ERR1528163,10
ERR1560865,10
ERR1514672,10
ERR1514824,10
ERR1602787,10
ERR1471136,10
ERR1514831,10
ERR1469618,10
ERR1528138,10
ERR1469598,10
ERR1560829,10
ERR1560862,10
ERR1528144,10
ERR1549718,10
ERR1528145,10
ERR1560948,10
ERR1549727,10
ERR1528202,10
ERR1560795,10
ERR1469604,10
ERR1514673,10
ERR1560788,10
ERR1471130,10
SRR5827271,10
SRR5827331,10
SRR5827204,10
SRR5827106,10
SRR5827098,10
SRR5827339,10
SRR5827414,10
SRR5827190,10
SRR5827103,10
SRR5827315,10
SRR5827342,10
SRR5827251,10
SRR5827229,10
SRR5827311,10
SRR5827327,10
SRR5827076,10
SRR2736118,10
25818_2#298,10
25825_2#57,10
21242_3#158,10
25818_3#381,10
21242_3#179,10
21485_4#30,10
25818_3#317,10
21242_3#175,10
25818_2#167,10
25825_2#43,10
25818_3#263,10
17966_3#42,10
25818_2#238,10
25818_2#312,10
25825_2#56,10
25825_2#177,10
21242_3#146,10
25825_2#121,10
25818_2#221,10
25818_3#293,10
25818_2#48,10
25818_2#217,10
25818_3#294,10
25825_2#6,10
25818_3#234,10
25818_2#7,10
17966_3#12,10
17966_3#16,10
25825_2#35,10
25818_2#192,10
21242_3#73,10
21242_4#3,10
25818_2#229,10
21242_4#42,10
21485_4#24,10
21242_3#110,10
21242_3#46,10
25818_2#39,10
25825_2#148,10
21242_3#48,10
25818_3#375,10
25818_2#207,10
21242_4#11,10
21242_4#44,10
21242_3#105,10
21485_4#18,10
21242_4#45,10
ERR1560888,10
ERR1560838,7
ERR1560833,7
ERR349967,11
ERR363597,11
ERR449489,11
ERR388393,11
ERR349908,11
ERR363598,11
ERR388419,11
ERR449483,11
ERR363596,11
ERR349893,11
ERR349968,11
ERR449495,11
ERR388364,11
ERR349963,11
ERR363602,11
ERR388354,11
ERR363578,11
ERR349923,11
ERR363603,11
ERR449494,11
ERR388406,11
ERR349909,11
ERR388324,11
SRR3360964,11
SRR3360726,11
SRR3360662,11
SRR3360734,11
SRR3361315,11
SRR3360982,11
SRR3360749,11
SRR3361328,11
SRR3361333,11
SRR3361326,11
SRR3360636,11
SRR3360725,11
SRR3360829,11
SRR3360939,11
SRR3360993,11
SRR3360950,11
SRR3361338,11
SRR3360771,11
GCGS0274,11
GCGS0501,11
GCGS0661,11
GCGS1019,11
GCGS0265,11
GCGS0400,11
GCGS1103,11
GCGS0303,11
GCGS0789,11
GCGS0465,11
GCGS0538,11
GCGS1081,9
GCGS0262,11
GCGS0373,11
GCGS0839,11
GCGS0620,11
GCGS0050,11
GCGS0322,11
GCGS0519,11
GCGS0454,11
GCGS0313,11
GCGS0377,11
GCGS0072,11
GCGS0425,11
GCGS0376,11
GCGS0479,11
GCGS0245,11
GCGS1053,11
GCGS0261,11
GCGS0424,11
GCGS0662,11
GCGS0458,11
GCGS0291,11
GCGS0353,11
GCGS0423,11
GCGS0554,11
GCGS0257,11
GCGS0350,11
GCGS0301,11
GCGS0363,11
GCGS0429,11
GCGS0462,11
GCGS0351,11
GCGS0471,11
GCGS0375,11
GCGS0474,11
GCGS0520,11
GCGS0294,11
GCGS0428,11
GCGS0305,11
ERR2133899,11
ERR2133900,11
ERR2133902,11
ERR2133898,11
ERR2133901,11
SRR969392,11
SRR969341,11
SRR969337,11
SRR969340,11
SRR969345,11
SRR969354,11
SRR969366,11
SRR959017,11
SRR969360,11
SRR969363,11
SRR969045,11
ERR1560875,11
ERR1555183,11
ERR1528278,11
ERR1560774,11
ERR1514689,11
ERR1514838,11
ERR1555204,11
ERR1528313,11
ERR1528308,11
ERR1560815,11
ERR1560944,11
ERR1560840,11
ERR1528253,11
ERR1549792,11
ERR1528271,11
ERR1469581,11
ERR1549780,11
ERR1555177,11
ERR1555217,11
ERR1528167,11
ERR1602763,11
ERR1602744,11
ERR1560791,11
ERR1469579,11
ERR1528196,11
ERR1602766,11
ERR1469625,11
ERR1549740,11
ERR1469596,11
ERR1528212,11
ERR1528152,11
ERR1514789,11
ERR1514765,11
ERR1549782,11
ERR1560899,11
ERR1560830,11
ERR1555175,11
ERR1469568,11
ERR1555179,11
SRR5827152,11
SRR5827326,11
SRR5827121,11
SRR5827351,11
SRR5827383,11
SRR5827305,11
SRR5827312,11
SRR5827118,11
SRR5827231,11
SRR5827160,11
SRR5827276,11
SRR5827153,11
SRR1661285,11
SRR1661266,11
SRR1661224,11
SRR1661255,11
SRR1661169,11
SRR1661314,11
SRR1661321,11
SRR1661291,11
SRR1661172,11
SRR1661267,11
SRR1661317,11
SRR1661180,11
SRR1661256,11
SRR1661225,11
SRR1661260,11
SRR2736173,11
SRR2736170,11
SRR2736179,11
SRR2736200,11
SRR2736172,11
SRR2736182,11
SRR2736174,11
SRR2736171,11
SRR2736201,11
SRR2736183,11
SRR2736180,11
SRR2736142,11
MS11,11
25825_2#105,11
25818_3#298,11
25818_2#267,11
25818_3#243,11
21242_3#10,11
25818_2#184,11
25825_2#101,11
25818_3#278,11
25818_2#311,11
25818_2#179,11
25818_3#264,11
21242_3#155,11
25818_3#362,11
25818_2#304,11
21242_3#64,11
25818_3#226,11
25818_3#302,11
21242_3#98,11
25818_3#372,11
17966_3#50,11
25818_3#380,11
25818_3#262,11
25825_2#31,11
21242_3#83,11
25825_2#155,11
25818_2#2,11
21242_4#102,11
25825_2#11,11
25818_3#383,11
25818_3#338,11
21485_4#17,11
21242_4#53,11
25818_2#239,11
25818_2#233,11
25818_3#354,11
25818_2#196,11
21242_3#85,11
21242_4#23,11
21242_4#110,11
25825_2#40,11
21242_3#137,11
25825_2#61,11
17966_3#40,11
21242_4#83,11
21242_4#115,11
25818_2#305,11
21485_4#13,11
25825_2#147,11
25818_3#221,11
21242_3#84,11
21242_3#75,11
25825_2#139,11
17966_3#47,11
17966_3#49,11
25825_2#74,11
21242_3#154,11
25825_2#131,11
21242_3#117,11
25818_3#306,11
25818_2#19,11
25825_2#44,11
25825_2#24,11
25825_2#66,11
25818_3#265,11
21242_3#45,11
25818_3#287,11
25825_2#146,11
25825_2#59,11
25818_2#263,11
21485_4#20,11
21485_4#34,11
25818_2#255,11
25825_2#132,11
21485_4#21,11
17966_3#48,11
25825_2#123,11
17966_3#35,11
25825_2#60,11
25825_2#64,11
25825_2#130,11
25818_2#290,11
ERR349977,11
ERR449497,11
ERR349933,11
ERR349927,11
ERR388403,11
GCGS0430,11
GCGS0152,11
ERR1560828,11
ERR1514699,11
ERR1514766,11
ERR1528159,7
ERR1560781,11
ERR1514714,11
ERR1528151,11
ERR1514698,11
ERR1469602,11
ERR1528236,11
ERR1549704,11
ERR1528329,11
ERR1560802,11
ERR1555225,11
SRR1661239,11
SRR1661235,11
SRR1661237,11
SRR1661287,11
SRR1661288,11
SRR1661238,11
SRR1661241,11
SRR1661263,11
SRR1661240,11
SRR1661234,11
SRR1661286,11
SRR2736156,11
21242_3#42,11
21242_3#181,11
21242_3#41,11
GCGS0431,11
GCGS0449,11
GCGS0870,11
25818_2#5,11
25818_2#226,11
25825_2#53,11
25818_3#351,11
25818_2#284,11
21242_4#111,11
25818_2#202,11
25818_3#314,11
25825_2#41,11
25825_2#18,11
25818_2#41,11
25818_3#321,11
25818_2#15,11
25825_2#86,11
25818_2#18,11
ERR1560798,7
ERR1560807,7
ERR1528272,7
SRR3360610,6
SRR3360738,6
SRR1661258,6
SRR1661243,6
SRR1661226,6
SRR2736143,6
SRR2736205,6
SRR2736175,6
SRR2736270,6
SRR2736167,6
ERR1555193,5
ERR1469730,5
ERR1555188,5
25825_2#20,5
25818_2#173,5
ERR349901,4
ERR2172310,16
ERR2172259,16
DRR124777,5
DRR124740,5
DRR124701,5
DRR124770,5
DRR124700,5
DRR124857,5
DRR117994,5
DRR124883,5
DRR117985,5
DRR124778,5
DRR124757,5
DRR117982,5
DRR117962,5
DRR117996,5
DRR117995,5
DRR124739,5
DRR117978,5
DRR117992,5
DRR117990,5
DRR117993,5
DRR124866,5
DRR124742,5
DRR117963,5
DRR117967,5
DRR124699,5
DRR124741,5
SRR3360740,16
25825_2#145,16
25818_2#313,16
21242_3#69,16
25818_2#201,16
25825_2#140,16
25818_3#257,16
25818_2#191,16
21242_4#107,16
25818_3#299,16
21242_4#96,16
21242_4#82,16
25825_2#137,16
25825_2#136,16
21242_4#30,16
25825_2#2,16
ERR388331,16
SRR3360609,16
SRR3360670,16
SRR3360669,16
SRR3357305,16
GCGS0009,16
GCGS0763,16
ERR2133947,16
ERR2133946,16
ERR2133948,16
ERR1549700,16
ERR1469674,16
ERR1549698,16
ERR1680319,16
ERR1469678,16
ERR1549708,16
ERR1469673,16
ERR1469697,16
ERR1469717,16
ERR1469672,16
SRR5827300,16
SRR5827197,16
ERR1469736,16
GCGS0266,16
GCGS0256,16
GCGS0623,16
GCGS0556,16
GCGS0600,16
SRR5827178,16
SRR5827119,16
SRR5827393,16
SRR5827180,16
SRR5827306,16
SRR5827368,16
SRR5827070,16
SRR5827257,16
SRR5827087,16
SRR5827036,16
SRR5827177,16
SRR5827387,16
SRR5827130,16
SRR5827288,16
SRR5827117,16
SRR5827237,16
SRR5827125,16
SRR5827287,16
SRR5827046,16
SRR5827133,16
SRR5827120,16
SRR5827238,16
SRR5827183,16
SRR5827181,16
SRR5827157,16
SRR5827051,16
SRR5827150,16
SRR5827154,16
ERR363642,3
SRR3360752,3
SRR3360733,3
SRR3361342,3
SRR3360622,3
SRR3360755,3
SRR3360617,3
GCGS0715,3
GCGS0028,3
GCGS1091,3
GCGS1077,3
GCGS0030,3
GCGS1079,3
GCGS0382,3
GCGS0114,3
GCGS0068,3
GCGS0066,3
GCGS0178,3
GCGS1090,3
GCGS0344,3
GCGS0166,3
GCGS0160,3
GCGS0716,3
SRR1661262,3
SRR1661200,3
SRR1661202,3
SRR3357260,4
SRR3357246,4
ERR1469744,4
ERR1555198,4
ERR1549777,4
GCGS0076,3
SRR2736144,2
SRR2736152,2
SRR2736145,2
SRR2736153,2
SRR5827222,2
SRR5827384,2
25818_3#246,2
25825_2#172,2
DRR124763,2
DRR124725,2
DRR124693,2
ERR2172338,1
DRR117961,2
DRR124854,2
DRR124780,2
DRR124762,2
DRR124708,2
DRR124720,2
DRR124871,2
DRR124810,2
DRR124712,2
DRR124707,2
DRR124759,2
DRR124836,2
DRR124824,2
DRR124806,2
DRR124713,2
DRR124799,2
DRR124879,2
DRR124852,2
DRR124746,2
DRR124808,2
DRR124889,2
GCGS0126,1
SRR7226391,1
SRR7226402,1
SRR5827412,1
SRR5827122,1
ERR388407,1
ERR485170,1
ERR388388,1
ERR388412,1
ERR388281,1
ERR388287,1
ERR388280,1
ERR388352,1
ERR388335,1
ERR388282,1
ERR388308,1
ERR388288,1
ERR388379,1
ERR388366,1
ERR388390,1
ERR388385,1
ERR388307,1
ERR363613,1
ERR388408,1
ERR388389,1
ERR388405,1
ERR388411,1
ERR363669,1
ERR388309,1
ERR388397,1
ERR388416,1
ERR388392,1
ERR388409,1
ERR388314,1
ERR388413,1
ERR485171,1
SRR3360659,1
SRR3360728,1
SRR3357011,1
SRR3361310,1
SRR3360702,1
SRR3360709,1
SRR3360628,1
SRR3360658,1
SRR3357028,1
SRR3361325,1
SRR3361321,1
SRR3360633,1
SRR3361347,1
SRR3360723,1
SRR3360753,1
SRR3357263,1
SRR3361329,1
SRR3360711,1
SRR3360693,1
SRR3360612,1
SRR3357194,1
SRR3360719,1
SRR3357157,1
SRR3357288,1
SRR3360648,1
SRR3357192,1
SRR3360731,1
SRR3357252,1
SRR3360645,1
SRR3361312,1
SRR3357181,1
SRR3357186,1
SRR3361354,1
SRR3360748,1
SRR3361311,1
SRR3360718,1
SRR3361344,1
SRR3360707,1
SRR3360674,1
SRR3360616,1
SRR3357191,1
SRR3360712,1
SRR3361337,1
SRR3360743,1
SRR3360619,1
SRR3360686,1
SRR3360714,1
GCGS0864,1
GCGS0722,1
GCGS0908,1
GCGS0936,1
GCGS0811,1
GCGS0185,1
GCGS0888,1
GCGS0065,1
GCGS0077,1
GCGS0954,1
GCGS0914,1
GCGS0998,1
GCGS0997,1
GCGS0842,1
GCGS0881,1
GCGS0125,1
GCGS0854,1
GCGS0079,1
GCGS0041,1
GCGS0820,1
GCGS0880,1
GCGS0901,1
GCGS1010,1
GCGS0943,1
GCGS0097,1
GCGS0853,1
GCGS0875,1
GCGS0071,1
GCGS0967,1
GCGS0197,1
GCGS0123,1
GCGS0101,1
GCGS0115,1
GCGS0151,1
GCGS0996,1
GCGS1003,1
GCGS0093,1
GCGS0946,1
GCGS0199,1
GCGS0877,1
GCGS0863,1
GCGS0211,1
GCGS0892,1
GCGS1009,1
GCGS0898,1
GCGS0019,1
GCGS0905,1
GCGS0947,1
GCGS0849,1
GCGS1051,1
GCGS0979,1
GCGS0938,1
GCGS0143,1
GCGS0219,1
GCGS0217,1
GCGS0147,1
GCGS0897,1
GCGS0239,1
GCGS0759,1
GCGS1042,1
GCGS0948,1
GCGS0950,1
GCGS0073,1
GCGS0956,1
GCGS0047,1
GCGS0105,1
GCGS1012,1
GCGS0937,1
GCGS0945,1
GCGS0952,1
GCGS0987,1
GCGS0235,1
GCGS0894,1
GCGS0836,1
GCGS0920,1
GCGS0221,1
GCGS0033,1
GCGS0900,1
GCGS0205,1
GCGS0821,1
GCGS0966,1
GCGS0951,1
GCGS0985,1
GCGS0978,1
GCGS0049,1
GCGS0173,1
GCGS0902,1
GCGS0241,1
GCGS0929,1
GCGS0969,1
GCGS0005,1
GCGS0939,1
GCGS0141,1
GCGS0949,1
GCGS0046,1
GCGS0983,1
GCGS0039,1
GCGS0153,1
GCGS0209,1
GCGS0890,1
GCGS0986,1
GCGS0023,1
GCGS0837,1
GCGS0941,1
GCGS0848,1
GCGS0963,1
GCGS0891,1
GCGS0201,1
GCGS0075,1
GCGS0237,1
GCGS0961,1
GCGS0882,1
GCGS0833,1
GCGS0029,1
GCGS0957,1
GCGS0868,1
GCGS0087,1
GCGS0155,1
GCGS0931,1
GCGS1005,1
GCGS0993,1
GCGS0977,1
GCGS0088,1
GCGS0757,1
GCGS0944,1
GCGS1011,1
GCGS0227,1
GCGS1056,1
GCGS0231,1
GCGS0213,1
GCGS0195,1
GCGS0838,1
GCGS0043,1
GCGS0913,1
GCGS0099,1
GCGS0955,1
GCGS0883,1
GCGS0962,1
GCGS0980,1
GCGS0121,1
GCGS0242,1
GCGS0119,1
GCGS0884,1
GCGS0740,1
GCGS0959,1
GCGS0139,1
GCGS0067,1
GCGS0893,1
GCGS0922,1
GCGS0910,1
GCGS1078,1
GCGS0917,1
GCGS0003,1
GCGS0045,1
GCGS0927,1
GCGS0981,1
GCGS0862,1
GCGS0968,1
GCGS0037,1
GCGS0059,1
GCGS0970,1
GCGS0131,1
GCGS0999,1
GCGS0051,1
GCGS1007,1
GCGS0918,1
GCGS0225,1
GCGS0061,1
GCGS0935,1
GCGS0095,1
GCGS0942,1
GCGS0994,1
GCGS0835,1
GCGS0161,1
GCGS0940,1
GCGS0169,1
GCGS0982,1
GCGS1068,1
GCGS0057,1
GCGS1052,1
GCGS0889,1
GCGS0934,1
GCGS0193,1
GCGS0976,1
GCGS0989,1
GCGS0203,1
GCGS0117,1
GCGS0915,1
GCGS0990,1
GCGS0175,1
GCGS0856,1
GCGS0053,1
GCGS0189,1
GCGS0925,1
GCGS1001,1
GCGS0878,1
GCGS0107,1
GCGS0183,1
GCGS1006,1
GCGS0992,1
GCGS0995,1
GCGS0973,1
GCGS0223,1
GCGS0181,1
GCGS0984,1
GCGS0781,1
GCGS0157,1
GCGS0145,1
GCGS0879,1
GCGS0179,1
GCGS0124,1
GCGS0899,1
GCGS0069,1
GCGS0851,1
GCGS0017,1
GCGS0873,1
GCGS0091,1
GCGS0869,1
GCGS0960,1
GCGS0085,1
GCGS0886,1
GCGS0129,1
GCGS1008,1
GCGS0896,1
GCGS0229,1
GCGS0906,1
GCGS0767,1
GCGS0191,1
GCGS0187,1
GCGS0876,1
GCGS0063,1
GCGS0916,1
GCGS0872,1
GCGS0912,1
GCGS0971,1
GCGS0903,1
GCGS1000,1
GCGS0871,1
GCGS0135,1
GCGS0167,1
GCGS0953,1
GCGS1049,1
GCGS0233,1
GCGS0834,1
GCGS0887,1
GCGS0163,1
GCGS0025,1
GCGS0847,1
GCGS0972,1
GCGS0113,1
GCGS0137,1
GCGS0919,1
GCGS0874,1
GCGS0958,1
GCGS0149,1
GCGS0885,1
GCGS0991,1
GCGS0133,1
GCGS0031,1
GCGS0021,1
GCGS0165,1
GCGS0102,1
GCGS0930,1
GCGS0035,1
GCGS0171,1
GCGS0965,1
GCGS0089,1
GCGS0911,1
GCGS0921,1
GCGS0964,1
GCGS0841,1
GCGS0207,1
GCGS0177,1
GCGS0924,1
GCGS0932,1
GCGS0923,1
GCGS1004,1
GCGS0159,1
GCGS0974,1
GCGS0822,1
GCGS0081,1
GCGS0027,1
GCGS0104,1
GCGS0844,1
GCGS0895,1
GCGS0215,1
GCGS1002,1
GCGS0988,1
GCGS0055,1
GCGS0127,1
GCGS0975,1
GCGS0007,1
GCGS0780,1
GCGS0909,1
SRR7226395,1
SRR7226379,1
SRR7226397,1
SRR7226403,1
SRR7226393,1
SRR7226396,1
SRR7226390,1
SRR7226392,1
SRR7226381,1
SRR7226400,1
SRR7226411,1
SRR7226385,1
SRR7226405,1
SRR7226418,1
SRR7226409,1
SRR7226408,1
SRR7226407,1
ERR2133964,1
ERR2133987,1
ERR2133963,1
ERR2133942,1
ERR2133962,1
ERR2133965,1
ERR2133986,1
ERR2133943,1
ERR2133961,1
ERR2133960,1
DRR124832,1
SRR969346,1
SRR969356,1
SRR969384,1
ERR1469708,1
ERR1560853,1
ERR1555201,1
ERR1469679,1
ERR1560918,1
ERR1514812,1
ERR1469712,1
ERR1560852,1
ERR1514688,1
ERR1514795,1
ERR1560897,1
ERR1514759,1
ERR1514815,1
ERR1469761,1
ERR1549785,1
ERR1528197,1
ERR1528220,1
ERR1469681,1
ERR1555240,1
ERR1680299,1
ERR1528172,1
ERR1555224,1
ERR1514823,1
ERR1549732,1
ERR1514701,1
ERR1469595,1
ERR1549734,1
ERR1680300,1
ERR1514763,1
ERR1469735,1
ERR1560837,1
ERR1514713,1
ERR1528247,1
ERR1514804,1
ERR1469714,1
ERR1528153,1
ERR1602756,1
ERR1469572,1
ERR1514691,1
ERR1514707,1
ERR1514814,1
ERR1680306,1
ERR1549784,1
ERR1514684,1
ERR1528219,1
ERR1469617,1
ERR1560858,1
ERR1549681,1
ERR1514816,1
ERR1555227,1
ERR1560841,1
ERR1680315,1
ERR1549729,1
ERR1560860,1
ERR1469745,1
ERR1528146,1
ERR1528188,1
ERR1528249,1
ERR1555222,1
ERR1469760,1
ERR1549745,1
ERR1528160,1
ERR1549689,1
ERR1514683,1
ERR1560796,1
ERR1560825,1
ERR1528231,1
ERR1514798,1
ERR1528203,1
ERR1560821,1
ERR1555241,1
ERR1560851,1
ERR1514773,1
ERR1514799,1
ERR1514803,1
ERR1514718,1
ERR1560947,1
ERR1680297,1
ERR1514703,1
ERR1528217,1
ERR1514835,1
ERR1469606,1
ERR1680310,1
ERR1560903,1
ERR1560902,1
ERR1528187,1
ERR1528171,1
ERR1469680,1
ERR1514813,1
ERR1528177,1
ERR1514784,1
ERR1514677,1
ERR1528185,1
ERR1514836,1
ERR1528232,1
ERR1549683,1
ERR1555229,1
ERR1560818,1
ERR1469749,1
ERR1555239,1
ERR1471138,1
ERR1528320,1
ERR1514697,1
ERR1469632,1
ERR1528183,1
ERR1528209,1
ERR1514709,1
ERR1528133,1
ERR1560861,1
ERR1560913,1
ERR1528327,1
ERR1560780,1
ERR1469591,1
ERR1514837,1
ERR1469612,1
ERR1469713,1
ERR1602792,1
ERR1555223,1
ERR1469577,1
ERR1514806,1
ERR1514818,1
ERR1560784,1
ERR1555202,1
ERR1560832,1
ERR1514821,1
ERR1528158,1
ERR1549679,1
ERR1469676,1
ERR1560884,1
ERR1555221,1
ERR1560946,1
ERR1549728,1
ERR1514776,1
ERR1549697,1
ERR1469565,1
ERR1549684,1
ERR1514705,1
ERR1514692,1
ERR1560806,1
ERR1514686,1
ERR1471135,1
ERR1469738,1
ERR1560937,1
ERR1469709,1
ERR1528142,1
ERR1528224,1
ERR1514675,1
ERR1602785,1
ERR1528207,1
ERR1680314,1
ERR1514687,1
ERR1469665,1
ERR1528280,1
ERR1514785,1
ERR1549678,1
ERR1560826,1
ERR1528126,1
ERR1471123,1
ERR1514715,1
ERR1514708,1
ERR1555228,1
SRR5827032,1
SRR5827202,1
SRR5827141,1
SRR5827126,1
SRR5827283,1
SRR5827318,1
SRR5827373,1
SRR1661173,1
SRR1661209,1
SRR1661310,1
SRR1661233,1
SRR1661307,1
SRR1661210,1
SRR1661283,1
SRR1661315,1
SRR1661270,1
SRR1661271,1
SRR1661231,1
SRR1661259,1
SRR1661308,1
SRR1661215,1
SRR1661269,1
SRR1661248,1
SRR1661187,1
SRR1661268,1
SRR1661201,1
SRR1661272,1
SRR1661250,1
SRR2736232,1
SRR2736266,1
SRR2736227,1
SRR2736220,1
SRR2736228,1
SRR2736248,1
SRR2736223,1
SRR2736150,1
SRR2736254,1
SRR2736264,1
SRR2736244,1
SRR2736226,1
SRR4343301,1
SRR2736241,1
SRR2736280,1
SRR2736276,1
SRR2736163,1
SRR2736260,1
SRR2736246,1
SRR2736229,1
SRR2736230,1
SRR2736224,1
SRR2736277,1
SRR2736245,1
SRR2736209,1
SRR2736162,1
SRR2736222,1
SRR2736279,1
SRR2736258,1
SRR2736247,1
SRR2736259,1
SRR2736263,1
SRR2736265,1
25825_2#72,1
25825_2#65,1
25825_2#157,1
25825_2#176,1
25825_2#189,1
25818_2#306,1
25818_2#21,1
21485_4#12,1
21242_4#78,1
25818_3#242,1
21485_4#28,1
25825_2#170,1
25818_3#256,1
25818_2#20,1
25825_2#15,1
25825_2#187,1
25818_2#26,1
25818_3#313,1
21242_3#97,1
25818_3#296,1
21242_3#113,1
21242_3#77,1
25818_3#366,1
25818_3#307,1
25818_2#270,1
21242_4#59,1
21242_4#72,1
25818_2#293,1
25818_3#237,1
21485_4#35,1
25818_3#356,1
21242_4#24,1
25825_2#39,1
21242_3#178,1
25825_2#111,1
25825_2#158,1
25818_3#253,1
21242_4#61,1
21242_3#33,1
25818_3#309,1
25818_2#203,1
25825_2#46,1
25818_3#227,1
25825_2#162,1
25825_2#80,1
25818_3#223,1
21242_3#123,1
25818_3#310,1
ERR388381,1
ERR485167,1
ERR388380,1
GCGS0904,1
GCGS1016,1
GCGS1057,1
DRR124690,1
DRR124834,1
DRR124878,1
DRR124882,1
DRR124796,1
DRR124847,1
DRR124692,1
DRR124840,1
DRR124785,1
DRR124841,1
DRR124876,1
DRR124827,1
DRR124815,1
DRR124830,1
DRR124884,1
DRR124838,1
DRR124786,1
DRR124870,1
DRR124794,1
SRR969386,1
SRR969365,1
ERR1560834,1
ERR1560794,1
ERR1549687,1
ERR1560820,1
ERR1469590,1
SRR1661230,1
SRR1661292,1
SRR1661298,1
SRR1661254,1
SRR1661274,1
SRR2736160,1
SRR969385,1
SRR1661203,1
SRR1661206,1
ERR363668,1
DRR124809,1
DRR124864,1
ERR349906,1
SRR969380,1
SRR1661182,1
SRR1661181,1
GCGS0933,1
ERR485172,1
ERR363584,1
ERR388427,1
ERR363589,1
ERR363588,1
ERR388425,1
ERR363593,1
ERR363594,1
ERR363605,1
ERR363604,1
GCGS0926,1
SRR7226389,1
DRR124843,1
DRR124744,1
DRR117972,1
DRR124711,1
DRR124849,1
DRR124865,1
DRR124769,1
DRR124766,1
DRR124855,1
DRR124734,1
DRR124814,1
DRR124729,1
DRR124771,1
DRR124697,1
DRR124846,1
DRR124787,1
DRR124828,1
DRR124817,1
DRR124761,1
DRR117968,1
DRR124842,1
DRR124885,1
DRR124805,1
DRR124880,1
DRR124728,1
DRR124845,1
DRR124831,1
DRR124716,1
DRR124874,1
DRR124863,1
DRR124709,1
DRR117991,1
DRR124732,1
DRR117980,1
DRR124860,1
DRR124737,1
DRR124811,1
DRR124833,1
DRR124723,1
DRR124754,1
DRR124726,1
DRR124748,1
DRR124891,1
DRR124861,1
DRR124743,1
DRR124853,1
DRR124877,1
DRR117983,1
DRR124715,1
DRR124738,1
DRR124875,1
DRR124816,1
DRR124767,1
DRR124839,1
DRR124717,1
DRR124760,1
DRR124764,1
DRR117974,1
DRR124719,1
DRR124733,1
DRR117975,1
DRR124856,1
DRR124804,1
DRR124784,1
DRR124881,1
DRR124812,1
DRR124819,1
DRR124705,1
DRR124752,1
DRR124718,1
DRR124768,1
DRR124691,1
DRR124850,1
DRR117970,1
DRR117964,1
DRR124745,1
DRR117959,1
DRR117958,1
DRR117984,1
DRR117957,1
DRR124698,1
DRR124765,1
DRR124793,1
DRR124858,1
DRR124735,1
DRR124706,1
DRR124820,1
DRR124829,1
DRR124818,1
DRR124788,1
DRR124751,1
SRR969378,1
ERR1469575,1
ERR1514756,1
ERR1469739,1
ERR1602761,1
ERR1602749,1
ERR1469696,1
ERR1549706,1
SRR1661195,1
SRR1661158,1
SRR1661161,1
SRR1661326,1
SRR1661166,1
SRR1661164,1
21242_4#54,1
21242_3#43,1
21242_3#82,1
25818_2#220,1
21242_4#60,1
25818_2#240,1
DRR124694,1
DRR124727,1
ERR1469563,1
ERR1471143,1
ERR1469636,1
ERR1680305,1
